Sample_ID,Annual_Rainfall_mm,Average_Temp_C,Growing_Season_days,Elevation_m,Solar_Radiation_MJ_m2,Wind_Speed_m_s,Soil_Drainage
USGS_SOIL_00000,1002.4493718656825,15.154641556862154,190.30412818981435,2524.791119458348,18.90165492771552,1.2573028894574354,Poor
USGS_SOIL_00001,354.3048900103513,20.57315779707083,149.15566953185484,1547.341573087123,16.520675330463977,1.5940578981693925,Moderate
USGS_SOIL_00002,797.5343613507507,17.263504283686956,197.978787806365,1992.2482037665964,17.713221016218636,4.453665125615482,Moderate
USGS_SOIL_00003,719.3166398218546,8.140170324577486,196.50674608574036,2004.6476208139195,16.36116963951241,7.747717227655548,Well
USGS_SOIL_00004,1256.5319620522166,9.54790209630836,168.08789041866763,2430.474634572453,22.523254841103267,9.219036053209104,Well
USGS_SOIL_00005,481.6889638371944,26.895961861328907,181.92337793737656,1950.60451662397,19.089599116923218,1.2673747481207736,Moderate
USGS_SOIL_00006,1025.447224646422,7.498825572746772,178.92817936774117,287.9484943962013,21.81448734806083,4.312270474181263,Poor
USGS_SOIL_00007,1092.921718113501,24.485342717803192,198.26169239316127,1092.3016497918366,11.399798633563886,3.014041925047698,Moderate
USGS_SOIL_00008,691.5146130246399,10.029477718538187,118.2468921567125,2969.016932176709,12.829658770705617,8.336847530489157,Moderate
USGS_SOIL_00009,837.7490793886014,24.041392848313865,117.45165448092388,669.8798375429644,5.306755795657756,8.61371330189177,Well
USGS_SOIL_00010,1073.2370879237174,19.32883177032014,119.5276776988322,1801.5143274025968,13.4304478341008,2.857679809227057,Poor
USGS_SOIL_00011,420.1490797974328,12.215656268923476,162.2093506937552,2544.5278556440585,14.857804330173137,7.39744528091385,Poor
USGS_SOIL_00012,621.8548937453338,0.8677581252623607,198.21229901210447,1801.0198261673268,16.73724826761046,7.585804335712857,Poor
USGS_SOIL_00013,805.8716132334132,18.188541607918324,90.16043709254672,1179.583748567364,12.876230457689044,2.593519271043133,Well
USGS_SOIL_00014,1369.2075470520613,16.452505093082323,183.7602637954912,332.6628318813466,17.94560448075539,4.903263253074122,Poor
USGS_SOIL_00015,630.0687461835605,18.31130223118868,227.7500123260134,1148.8282173546754,17.66537193696618,6.583040248994196,Poor
USGS_SOIL_00016,669.403643722032,19.315211921377703,190.92602349992808,627.9957835654398,13.105711560243162,1.23459946239339,Well
USGS_SOIL_00017,1214.1265262161803,4.486983503405631,99.24433056749542,2886.502167217742,11.166271578994484,4.641326497412945,Moderate
USGS_SOIL_00018,733.673419100293,18.14617445529229,200.84265319991763,2173.5923405190306,15.263631276842109,2.3946240965285863,Poor
USGS_SOIL_00019,1404.763460292914,20.940325396803072,189.6912509177084,2273.2111476436007,15.397288736152955,5.877068510087986,Moderate
USGS_SOIL_00020,1077.973606107019,20.845941502670943,166.294529950708,1364.3108714010966,12.569044992570262,8.586258251148593,Poor
USGS_SOIL_00021,706.198062929751,4.975547009260328,187.2710887947869,418.8980015819479,13.963165832140945,5.722785447634335,Moderate
USGS_SOIL_00022,663.5231190018561,24.234389976346037,124.16538886300803,873.477809885231,9.328563235187008,1.3238523658781558,Moderate
USGS_SOIL_00023,502.6216802085952,18.429595912107622,182.03954792317555,853.1622017923573,17.714202215717776,1.2669152103711203,Well
USGS_SOIL_00024,358.4926243107893,19.444383782034198,199.1436948178748,1511.6601173244767,17.77893141957097,6.449528313137344,Well
USGS_SOIL_00025,852.2446874918161,7.834399519079583,152.28295328922476,1436.8413814107355,15.19594881407977,3.9518340267305128,Poor
USGS_SOIL_00026,938.0832490809536,21.056737474883967,161.166984217011,1356.8838303783368,18.06200804351212,6.1539985312470336,Poor
USGS_SOIL_00027,974.2203584747712,1.2086876173596863,157.2950074128075,1538.334653408949,15.524626057114617,2.472733980243889,Well
USGS_SOIL_00028,712.9568151385187,8.214425028763767,160.98868737150792,2962.366937746277,21.46506428075641,7.991761175525006,Poor
USGS_SOIL_00029,733.673419100293,25.13267426026169,146.7942147617953,965.2255288933616,9.814366783638512,8.74647735160211,Poor
USGS_SOIL_00030,342.4664944110818,20.668755503816133,149.1746626278417,1884.280564996404,15.80716172634076,9.003030418764043,Well
USGS_SOIL_00031,308.4991968375095,17.33206470796876,200.64362236422477,794.5724577168841,18.61339499462929,3.7366712994821616,Moderate
USGS_SOIL_00032,504.1135216373025,22.549711017807397,110.29225364826158,1453.1581711859278,20.96840010331735,6.946618308622585,Poor
USGS_SOIL_00033,733.673419100293,23.105541391577177,187.3196393855594,680.1427761244872,18.17030037098719,3.511381484172342,Well
USGS_SOIL_00034,733.673419100293,21.06332142518067,200.56582494762029,1718.7574823692971,10.848078377049642,7.864811387304206,Poor
USGS_SOIL_00035,1154.0816586316907,13.260576433790384,125.89197736055118,868.5341808026358,8.379805059621908,2.0847250200369123,Poor
USGS_SOIL_00036,528.3103820331855,7.975627676274474,176.93756505530564,206.68785848460925,14.320491763927286,7.864883300090451,Well
USGS_SOIL_00037,474.7380566280799,9.692696605910095,143.33840630171912,2464.2861652711777,16.44687324001092,4.957557738971813,Well
USGS_SOIL_00038,1066.5236778808944,26.284701768225226,225.4531171777652,471.9398251492108,18.778940213379844,8.699945413919753,Poor
USGS_SOIL_00039,812.230741434162,4.796011063520362,171.77478583819263,1167.3125174390264,10.618120179778574,7.650377739875318,Poor
USGS_SOIL_00040,985.4103747860294,18.92658723316764,238.92472529187367,1483.8150664224884,17.442952236058304,4.388676766268365,Moderate
USGS_SOIL_00041,735.722471964906,18.938872999807927,232.89109584732813,1354.1920012235894,4.289486944157,9.131852668244072,Moderate
USGS_SOIL_00042,831.5259794280074,26.744457065303656,192.29316665125495,2204.4307147010263,12.042024987911256,3.550034253477793,Well
USGS_SOIL_00043,319.93516431888355,18.91647312949696,265.7083052592967,1830.6521281997384,18.44110969850135,9.70289768292331,Poor
USGS_SOIL_00044,705.6479216612524,11.61421013786541,117.0208290274194,956.5764298517092,10.235157501117918,7.904830455601159,Well
USGS_SOIL_00045,435.58314925927766,11.740195300976792,237.81668958316467,249.9386995379435,10.585667557979168,9.916073661440704,Well
USGS_SOIL_00046,1336.3174439741508,14.953755060248474,169.27702363754685,2326.025842934211,12.898307907388798,1.485141547586298,Poor
USGS_SOIL_00047,1137.8464213224638,24.061354026640345,174.9324775597688,1122.328667367423,15.707968843688922,3.4663244128941773,Moderate
USGS_SOIL_00048,733.673419100293,21.4521588699944,161.55081490691353,2680.201748899911,10.538980296997474,7.671378308630259,Well
USGS_SOIL_00049,687.7333232522412,6.314309592877919,121.9979383394024,1245.6646434494262,14.870865210786182,9.300247311253376,Well
USGS_SOIL_00050,701.8742669950932,17.229302602438825,202.78386056059344,2181.2099577993517,13.271285962017348,1.2589373540750766,Poor
USGS_SOIL_00051,1396.186969812333,21.60210747180552,130.37134423583015,2824.73763938057,19.63172799840688,1.0000836637802628,Moderate
USGS_SOIL_00052,868.9194905569613,13.102596915286652,156.3600612491458,1988.3421068428916,13.06487697132179,3.30618366330623,Moderate
USGS_SOIL_00053,621.6397198140542,-2.279795414252714,158.1307036161897,1299.117848852764,15.113357939547528,8.675008089684052,Poor
USGS_SOIL_00054,794.005552964684,13.428215064448844,219.8230620485159,1745.4578794792342,15.665348467361378,7.904377919289025,Well
USGS_SOIL_00055,288.9027188116416,3.1188023978953936,177.0529365572482,1675.9910467714883,13.32105083457089,4.0624971595197135,Poor
USGS_SOIL_00056,727.8980070160052,1.8523604480269495,82.25034751935854,1795.978106294752,18.07880525731656,1.0181013791089215,Poor
USGS_SOIL_00057,425.7317747023783,23.521327192239557,144.03850902814708,525.7779583599029,18.9104543091301,5.992351668583544,Moderate
USGS_SOIL_00058,195.70019279093003,35.16824500822907,117.5140939443752,2125.6786589637986,13.044137760567732,3.141599243058557,Well
USGS_SOIL_00059,1345.9722375214592,25.914283629977017,200.09928329511607,520.6254878406428,16.172481222776945,7.710480356498593,Well
USGS_SOIL_00060,741.9021003185512,-5.884744022581451,132.6843078923594,142.38896452108057,11.289884236589328,5.017146979443634,Moderate
USGS_SOIL_00061,518.5240300199328,13.61589847561195,155.76657852059162,1911.862291983784,17.255206798004874,7.107417307429004,Well
USGS_SOIL_00062,240.8462189956093,10.282492744885747,250.01346837891413,439.0493593092151,15.931292248520313,8.670779468994613,Well
USGS_SOIL_00063,683.6652106578892,3.232621356934846,205.4710415731645,2334.193746462692,13.544237426610442,5.82183819566653,Poor
USGS_SOIL_00064,705.2470044154206,18.718869944713475,133.41652207846298,2611.3012651523795,16.319729615400288,4.023599866554632,Poor
USGS_SOIL_00065,979.5155080689246,13.52165004005935,213.00193652091065,2839.7366918233865,17.371422660414712,7.925891914137241,Poor
USGS_SOIL_00066,463.84973783677856,5.687283283371144,151.28673779155986,2026.983192428536,19.92155125240812,3.386685157940601,Well
USGS_SOIL_00067,589.8725574819767,-1.4507619503162417,212.901998983039,1497.843189387682,16.589928703582736,9.023669344957908,Well
USGS_SOIL_00068,472.6225398165722,10.12867096396037,163.50672093203775,1121.6151340468173,18.553641462734973,1.642848820596422,Well
USGS_SOIL_00069,684.5850078839771,15.063256358191587,141.59890059260837,1523.6827725603594,22.61942144904712,8.519217769976901,Well
USGS_SOIL_00070,152.1018113526527,14.052665704340193,137.86125840018542,652.0214622449092,10.864137040113398,1.82400154543856,Moderate
USGS_SOIL_00071,508.7397376126789,23.5022586816657,191.5051224638224,1110.42567858837,19.685289852898077,1.5052328236883417,Moderate
USGS_SOIL_00072,938.914863888411,17.7038722650657,216.5208506525296,2181.998522020044,11.483405582920994,4.269312436133448,Well
USGS_SOIL_00073,382.3666031023636,12.24297032389783,194.89601771757745,730.5266162892182,12.146197964743964,9.608944190273451,Poor
USGS_SOIL_00074,1049.8517687399053,8.462179287502583,162.69437320281654,865.7946934536286,14.95280130969338,9.85137448772442,Poor
USGS_SOIL_00075,1012.00851948848,0.8325875364899353,108.1062492718711,2273.051941552761,12.415876668708782,2.8186345086954336,Moderate
USGS_SOIL_00076,1037.1070271516576,6.269793118721042,154.42596810084814,615.7242138989403,11.74707184151968,2.3377380009585957,Moderate
USGS_SOIL_00077,748.6430578474693,25.86656648869046,129.9186648703864,813.0740007727953,14.758381049688897,4.176579983992999,Well
USGS_SOIL_00078,721.6799407367395,21.91738376739975,234.74277373020672,150.88793218568603,13.667004070715688,4.033781567929664,Well
USGS_SOIL_00079,845.8827885573987,17.310145869958333,164.06064570155627,2188.1496386518097,12.338789110282168,7.836335944641771,Well
USGS_SOIL_00080,1146.0800580098771,11.047445671619109,192.0152043943739,1891.9203401426585,11.189535802339474,4.995991186720535,Well
USGS_SOIL_00081,1118.78313295802,24.928158308662105,166.2537448236235,2113.7178122834694,20.7005971699018,8.018952271610619,Well
USGS_SOIL_00082,251.32941840567213,6.911068962929988,197.18741988631209,721.5505096646082,10.199198822009762,7.738417873225413,Poor
USGS_SOIL_00083,487.7085857791232,7.002563414373049,208.72696091753463,2093.391533110827,14.329281734237576,6.20479387113331,Poor
USGS_SOIL_00084,433.8181130432008,14.25218009340632,273.1381889174584,1829.492191310444,19.471690726706864,8.501608897674895,Well
USGS_SOIL_00085,968.031893485856,-2.465111820068472,161.7629805352669,1161.7566397438095,18.23818919830225,2.760829718974364,Poor
USGS_SOIL_00086,546.2144259106542,6.684185907023339,221.72422538836807,1369.6948537397736,15.934859789178851,2.45629446094462,Well
USGS_SOIL_00087,688.982798139981,13.110170451181588,191.1166818117858,1746.9694594928835,12.5054322395545,7.755852326524014,Well
USGS_SOIL_00088,1262.3845648668316,11.310128037752763,156.8750534758161,1530.5473106539146,14.924983735096983,3.20317355939766,Moderate
USGS_SOIL_00089,1086.264294689032,7.093959990585832,159.730239250719,1961.3013913111763,10.5037185374122,1.0251494543834618,Poor
USGS_SOIL_00090,1162.8596827364836,31.28317546562569,198.83609719958093,624.8407750573859,13.859461538662243,9.207641517800845,Poor
USGS_SOIL_00091,534.9137882340128,25.906081922027056,168.13591068186912,1668.0588692569709,13.798928756690785,6.606433522297566,Moderate
USGS_SOIL_00092,-81.42574756945794,28.71681266827354,184.19741494453584,1405.8105003071682,14.185187669310386,5.004439282071466,Poor
USGS_SOIL_00093,631.3425895157872,14.207645654989102,206.5858235758753,1436.959432640595,11.847960528010324,7.531628590081341,Moderate
USGS_SOIL_00094,318.0153469413584,11.091312093271227,279.8120947667734,1461.2079466895264,8.216475617022438,3.999985598037573,Poor
USGS_SOIL_00095,166.78517111122608,27.81330766135348,181.2993772674357,2656.26869508472,20.00741301912977,9.58299451385876,Well
USGS_SOIL_00096,1088.6018480919806,15.681650895645095,134.8730627165996,2474.019579296185,19.119078389416877,1.6175826005266982,Moderate
USGS_SOIL_00097,482.4453861816859,6.516082485856376,195.9195720985704,1925.7528873945569,18.49861722073826,6.768533715961249,Well
USGS_SOIL_00098,508.0312800644114,7.071753166986368,160.63882652363446,2177.8121132468696,16.513677033953076,7.995605345751461,Well
USGS_SOIL_00099,640.2708560051303,12.404578331577174,255.74432137714763,224.12764459750923,15.681450270350338,5.222133171041585,Poor
USGS_SOIL_00100,1243.9483437116523,14.823835933003126,160.1154817131031,2257.575986201039,12.225258443213042,7.794715195594323,Moderate
USGS_SOIL_00101,701.5157217875517,15.651688225619038,180.735882685584,1509.8775965155812,12.652694785838834,9.342193580907123,Well
USGS_SOIL_00102,1035.476875868877,13.531322504241274,204.9165563879677,1021.46793718957,20.82142188131518,7.695945106113561,Well
USGS_SOIL_00103,655.3962278080442,33.71683322125135,199.6520296857597,505.3532012206145,21.731629379057665,3.7843018042268,Moderate
USGS_SOIL_00104,275.86143559094114,4.1750320159670125,235.6077004088961,318.1054920207762,14.260986396090262,6.056617372472823,Poor
USGS_SOIL_00105,393.0491825520317,20.38169008326915,206.6993443772901,230.16848794049704,15.015056701333355,9.20443166073661,Well
USGS_SOIL_00106,748.8640300894909,11.180378182164665,273.71786969840406,569.2089071816984,17.929286220970905,5.0418795293424346,Poor
USGS_SOIL_00107,782.2906684509073,14.689716088201989,197.97969998845716,187.4170049134508,15.373866248160985,7.135286454241434,Moderate
USGS_SOIL_00108,912.8129793736128,22.52396342594423,231.9641425621773,2224.66250308331,15.676138219459723,5.189632526159852,Poor
USGS_SOIL_00109,912.9374447100008,0.7380097286645384,161.22996116162855,820.9809451630451,14.760802951887175,2.0920974124632594,Moderate
USGS_SOIL_00110,1020.0488200333444,7.433038052437343,258.9929437153694,1169.3472381028266,11.248656381794156,1.5273787228864768,Poor
USGS_SOIL_00111,519.2543986339807,13.930724916937468,166.0921578960172,2485.8770200660606,13.507950478073305,9.570465636658184,Poor
USGS_SOIL_00112,1298.165617716095,26.810014198795983,239.4413348533135,432.50673992131294,14.465335022311924,6.51287596078986,Well
USGS_SOIL_00113,1325.627257114993,26.76783767291674,215.67674931657385,2523.222687685017,4.919597274723866,1.9343342181024243,Poor
USGS_SOIL_00114,593.8392985549347,25.21841150398756,182.66677834282743,1954.6670165958355,15.350053042436624,8.716947026228542,Well
USGS_SOIL_00115,511.8242153048985,-2.5471024673024125,239.8268470560887,1091.8855923533488,24.29026351771211,5.70423822859732,Moderate
USGS_SOIL_00116,214.5571043830014,6.601846645782393,179.52046428877028,441.6409178962844,13.282523687646307,7.947389010158859,Moderate
USGS_SOIL_00117,801.2667381470515,6.930918957180895,234.73543193661172,365.32882228864617,15.132504738849557,2.1408057606287354,Well
USGS_SOIL_00118,885.7311116072829,14.558118038226588,195.1219743649912,1072.9916036300297,11.638056114195226,9.162193886466277,Poor
USGS_SOIL_00119,576.2019564338367,0.1757877401958438,164.91134147892052,506.9917208823329,10.624402839652772,6.314818957138231,Moderate
USGS_SOIL_00120,834.8293699642747,23.78317229386661,192.8107201972085,876.3598597782968,13.75963313405906,7.64434612674137,Moderate
USGS_SOIL_00121,333.65594676158923,-0.9551005995293966,181.3641451954895,253.57182130884115,17.519172858347094,1.282417192151677,Moderate
USGS_SOIL_00122,1040.302132562461,23.26020754443154,162.29933535391038,1825.5244229204268,14.064986319951489,3.837744101791028,Well
USGS_SOIL_00123,590.706640786456,21.966710410576127,189.31943280444136,521.300739166033,13.503690966411664,3.4070087295587053,Moderate
USGS_SOIL_00124,836.6278960656206,6.2449199890221845,196.14746820697096,2294.5237080643183,16.98238285959077,9.546354957590838,Moderate
USGS_SOIL_00125,813.0471141179862,25.095636627309545,81.81860372722605,732.7074312061192,15.800388473696293,2.6680471199230245,Moderate
USGS_SOIL_00126,161.8674523894971,12.334314763080624,200.05454341742237,2414.132080080739,16.117095363618123,7.363465540426833,Moderate
USGS_SOIL_00127,1000.2097398818304,10.258408072237676,209.64419186766975,650.6577600550164,19.761177764504296,1.384781839743637,Well
USGS_SOIL_00128,514.6670000803083,11.628419921885074,238.065829695876,2191.963034733766,19.25853691668881,2.779156771248147,Well
USGS_SOIL_00129,810.7514029806886,12.31453974405477,130.55997509516436,1065.9165709130723,20.982960110107754,4.047376188289175,Poor
USGS_SOIL_00130,327.0358846250021,13.05060827926872,139.29984136451804,1791.0479851781242,10.148673556164166,8.150552630872674,Moderate
USGS_SOIL_00131,606.1868436775769,13.232213424219596,188.3709265720337,212.11926153304145,18.42902173057412,8.109789220556204,Well
USGS_SOIL_00132,858.9746600792863,7.877472698777525,151.48296205669675,1536.2088596273466,21.58329173287368,9.573416755688458,Poor
USGS_SOIL_00133,426.2091638016776,9.734431538226726,132.40965020783537,531.1948946359834,8.469375973811886,9.250907524001963,Poor
USGS_SOIL_00134,442.6421569274074,10.427180186855876,163.46377458486322,1510.328659022177,14.919622413284255,1.733631355405147,Moderate
USGS_SOIL_00135,787.5204342781457,28.381842530346876,165.6071958518848,509.9414795698341,12.826930627362596,8.468809499302264,Poor
USGS_SOIL_00136,699.7456635637769,10.430779888732598,139.37401500821787,1367.5584484041754,14.90265893495528,5.060562215860151,Well
USGS_SOIL_00137,854.7913845098437,9.917084139260144,139.10718127278457,420.80037867363626,19.587913129897323,8.7929748165676,Poor
USGS_SOIL_00138,639.6578035156219,27.130630442844765,175.1472485276201,737.8594014294578,9.41705797572476,1.803576263780175,Poor
USGS_SOIL_00139,942.4495735586584,12.423929145169744,122.05489630041596,1825.7289129611784,15.979950860690042,8.404921913566021,Well
USGS_SOIL_00140,579.9133727136583,7.878146182727494,121.41128483930034,2932.315847909412,12.741538178016016,2.4367826710069687,Poor
USGS_SOIL_00141,929.1193757262178,6.144341875353186,182.86035406581811,1402.6358283367188,19.710566472740872,4.00457467062408,Poor
USGS_SOIL_00142,477.9654647190825,3.638716518553792,240.22572694351916,2092.803708567557,16.68373768849715,1.259635602610195,Poor
USGS_SOIL_00143,566.7027134346916,19.32947979561155,209.3216533951566,1664.331546028688,14.36901356789834,2.113552793684246,Poor
USGS_SOIL_00144,969.2012718189676,0.5651938312882923,228.9047456210193,1545.2380094538694,12.127532123626295,5.011532968711444,Moderate
USGS_SOIL_00145,595.6858195527369,25.770701650810896,107.79758939459674,287.64217083556844,25.631687572740525,8.365045020710234,Moderate
USGS_SOIL_00146,398.6308989084127,14.269349287494949,123.65596940028944,518.4624665983104,16.11955424137462,7.963027942285448,Well
USGS_SOIL_00147,1269.0347620113555,11.50340493776444,180.42600733358893,2660.867414774445,9.32018211195577,3.117679855986819,Poor
USGS_SOIL_00148,739.459999614552,13.173155690520376,213.44888142491536,1289.4765136212295,11.757031639006822,2.365214041623529,Well
USGS_SOIL_00149,891.4356231563942,18.70445323956902,205.5217548998679,1881.5641820958936,16.65046115899675,4.50337116683593,Moderate
USGS_SOIL_00150,71.37591093663741,11.241287729995088,126.23339457677834,1631.8763748733793,12.079894900612375,8.949415124915962,Poor
USGS_SOIL_00151,733.673419100293,13.465826304866162,225.4282809990584,1198.758900698581,12.571967601154563,1.8228256674670285,Poor
USGS_SOIL_00152,1543.8692769793545,23.42463850873693,176.7460515235525,1224.6679735717005,18.94370326835115,5.886226093099152,Moderate
USGS_SOIL_00153,1122.654736108071,17.77524511522561,211.10910929450085,1710.848517135151,18.58963854256577,1.799267314627377,Poor
USGS_SOIL_00154,1165.4108109008343,5.000305124832936,155.79689769880713,509.3112242796565,12.715171742259308,5.23190909047815,Poor
USGS_SOIL_00155,627.3690356682775,9.338013324624914,118.25049250719488,1223.0512167378588,19.683420789931272,2.1411236094488406,Moderate
USGS_SOIL_00156,825.5469043986105,0.7486667997339946,213.8338061890611,1396.2291512679433,12.157537922343082,1.723032414994283,Well
USGS_SOIL_00157,896.4231457559689,19.921972556071022,198.78587543201297,2956.8660486607605,21.774164608942208,2.717643997572263,Well
USGS_SOIL_00158,540.7169882545545,20.77599873424661,130.17502601654758,1119.2188309285814,17.15018321022628,3.297304174318896,Poor
USGS_SOIL_00159,712.7821714523149,7.525076000992265,153.27309131233784,1969.27879805452,16.160726871634715,3.4863884121828232,Moderate
USGS_SOIL_00160,449.7020743672373,33.43881871858365,207.44348504456784,498.50494949675766,13.460786664198723,6.807411525225995,Well
USGS_SOIL_00161,631.348130961237,34.50308845609334,188.24142432425631,289.89600730763544,12.565393183304266,1.4948368806059311,Well
USGS_SOIL_00162,1002.2674711161358,15.182476266105272,200.06768685240584,2627.471840603568,5.694006525695997,1.7272815391482772,Poor
USGS_SOIL_00163,220.2712603445682,8.621059591199565,159.02586443170384,2219.131216976491,13.82341719361559,2.698355453313404,Well
USGS_SOIL_00164,1035.9310822977457,17.19040951545314,236.9250766040632,1020.7479340242502,14.958018015607951,8.848567622632798,Moderate
USGS_SOIL_00165,276.7918178420512,8.431744480418647,175.5539819934247,1563.276208401964,7.695593919133128,6.657444334569095,Well
USGS_SOIL_00166,765.7368801610206,22.600258369336125,85.30169147849912,493.6581349103318,18.293535716363515,7.5733269326916,Moderate
USGS_SOIL_00167,793.0305411016096,16.33087404822386,184.2775575955368,2150.7648525444947,14.35851405448255,4.333259400018933,Moderate
USGS_SOIL_00168,921.8448665726764,16.906189335893664,204.19770908678169,303.958717053573,19.85884836904249,2.918983141630008,Poor
USGS_SOIL_00169,695.837930155811,29.073326443761744,191.8830682600631,2295.3958651294856,12.265358324307496,1.3416522486662152,Well
USGS_SOIL_00170,436.5916556716234,10.047813390203377,162.9345558178618,1685.825879782961,19.94568312722501,5.39682057974703,Poor
USGS_SOIL_00171,805.3528338905588,10.368072865154812,101.85125313755736,908.6665372516178,13.203876388564304,6.168528678045816,Well
USGS_SOIL_00172,1401.7516767523657,21.866963675323177,154.00108791944197,2601.4656267782248,14.79885932537003,9.073025149399406,Poor
USGS_SOIL_00173,745.6772523996068,11.624020986132631,157.7779544646023,2959.608423982678,15.862460966408374,8.938836808740945,Poor
USGS_SOIL_00174,485.5870307256196,27.830651374891325,153.63235997221554,837.6123934731502,14.833352927413312,4.822166426250295,Poor
USGS_SOIL_00175,609.8569667193412,23.00397309192448,204.47854617630375,2438.1138337992043,16.217427051939165,4.812201361031159,Well
USGS_SOIL_00176,795.0713909392178,12.029111143478726,166.66307826396735,2275.4823174917265,7.301806236935679,2.4501060704425037,Poor
USGS_SOIL_00177,669.41361460393,0.507465345488832,235.26700422276377,2266.851351206441,14.442449014866977,3.3170408905833177,Moderate
USGS_SOIL_00178,627.7255717208911,3.3820516323335283,170.97761021222306,2875.983273303679,14.6783124065487,9.330972186888022,Well
USGS_SOIL_00179,733.673419100293,11.14587151006037,228.63536752534384,1511.189567675778,7.054076532092948,2.2693240984168197,Moderate
USGS_SOIL_00180,905.1845149464712,18.23767894871777,188.57859997734948,2055.0873176142986,17.569881504453065,9.718295920692864,Poor
USGS_SOIL_00181,714.4441908507986,23.81821686641341,190.55247581319608,2489.244354514832,11.354586394120693,5.542646951936768,Poor
USGS_SOIL_00182,716.7424264136286,13.261699203607224,152.68540431336902,1490.6556906247763,18.769316894583927,5.10946097290148,Moderate
USGS_SOIL_00183,801.9536494603545,7.888893863803923,125.97464966163967,1496.1504881548171,15.343806642512249,2.5717454261771904,Poor
USGS_SOIL_00184,918.0943035391438,13.87406559461375,177.0669298315971,1024.098786795319,12.7028724915989,6.953871254342327,Well
USGS_SOIL_00185,1134.6944869465483,15.162954808882608,247.47386741008657,2364.394567198689,19.018768234118475,5.138609665260231,Moderate
USGS_SOIL_00186,626.4263138897176,25.43956253906375,161.65211674365275,2089.967761088114,21.64746821443721,4.335967611218991,Well
USGS_SOIL_00187,451.673650257528,24.99539353437507,155.30518390530182,1408.3057085530447,15.154026937118784,3.380645967267628,Well
USGS_SOIL_00188,583.1676937070592,6.984782585260444,173.1232068177169,1316.0763064563364,20.4995443645756,1.5983812271338478,Well
USGS_SOIL_00189,487.32233679687374,18.632734386163047,250.7275177617124,310.50996519044406,14.295493586251668,5.673953048959862,Poor
USGS_SOIL_00190,292.1977637550377,8.16923139646632,211.47747862910333,118.853325802405,18.849287430128346,3.816174997527731,Poor
USGS_SOIL_00191,1173.1798248029352,8.395185092546171,228.57051704831312,1633.792502942346,13.530091191193389,7.370786827024949,Moderate
USGS_SOIL_00192,1006.375837539768,23.309404104771662,100.78643220991503,1310.7292718196386,22.30356711665141,7.5117012107423715,Moderate
USGS_SOIL_00193,64.94491707937357,13.405540221863845,147.0147780324441,2408.5066037151164,19.309229158500116,3.988963103840168,Well
USGS_SOIL_00194,815.3840603880247,20.11889387659611,148.40263290872787,1673.6967632906524,16.881378966635328,7.022086152100848,Poor
USGS_SOIL_00195,636.9796141752241,19.27787724830043,225.44350078945004,2816.447525808454,4.864515199180778,3.3280771625154486,Poor
USGS_SOIL_00196,601.2275010887612,14.36411698552535,206.3952011066665,668.8083166968958,16.795266565602102,7.544563536179377,Poor
USGS_SOIL_00197,4.043558213643337,17.66390186009105,222.2356349043756,2971.4359871166157,10.060268137494903,1.144694309906998,Moderate
USGS_SOIL_00198,742.4269739796131,16.63082726980443,104.97648002769492,963.9656635051084,16.413012030190718,2.3644789028678157,Poor
USGS_SOIL_00199,773.0791773631283,5.796401706943728,224.41352016651325,1963.0295233625875,20.109996754555457,3.205077957166926,Well
USGS_SOIL_00200,396.931336001189,18.898604700685805,206.37305558549517,1555.3757694882888,17.755987868055787,7.956419382878558,Well
USGS_SOIL_00201,1236.8238461971246,9.352019961087729,143.0362461186326,1142.7715636228231,18.434849623261258,1.5973862777596768,Well
USGS_SOIL_00202,987.4047392380106,6.447242206300276,172.12299094083278,503.9966314697952,13.507906201959312,2.6925142934397783,Poor
USGS_SOIL_00203,430.0991190235607,21.837147378742586,144.25655289151337,491.0190392114138,8.901597155118768,4.227616949546746,Well
USGS_SOIL_00204,1056.915112041043,10.269445548825434,176.13565141560497,2163.3668993967667,11.914211365647368,1.082574947376198,Well
USGS_SOIL_00205,610.3338033938903,23.88550503680019,197.97421967845415,1195.1600106313028,13.68105419964282,7.859088778369677,Moderate
USGS_SOIL_00206,733.673419100293,23.786877988273183,236.16878272603543,2887.7641249855337,14.94375751919718,6.040946347049211,Moderate
USGS_SOIL_00207,317.13073669912274,11.185991663253514,142.42322586524148,1044.3806108683802,20.07651185391684,9.106114483180155,Poor
USGS_SOIL_00208,801.0185167517456,23.54672753618612,161.23135007190965,2952.2187930690925,17.922311477768602,1.279279292904509,Poor
USGS_SOIL_00209,385.1189886505395,11.885398557025388,135.88283114877038,695.727444126262,23.87890088650196,3.4425161538968823,Poor
USGS_SOIL_00210,498.7882612992453,14.452881907271305,210.6625360525384,398.16172007005525,10.99485068956,7.581264916930319,Poor
USGS_SOIL_00211,170.5006258943456,18.950288005597805,116.97673969022404,1006.4522272165756,19.655871293927618,7.07634477504077,Poor
USGS_SOIL_00212,379.6632650622336,31.315171307177422,187.08055449644215,2668.195889342908,18.5014243093832,3.187516965442371,Moderate
USGS_SOIL_00213,377.9111067441992,22.527177169479195,130.96848041793243,1613.3706390363257,14.533751379203046,6.36118961471256,Moderate
USGS_SOIL_00214,340.394780531906,14.537683574646758,181.8324773960508,493.38530721790335,11.156135846715692,8.143818877969784,Moderate
USGS_SOIL_00215,806.5843968640883,15.82641884935379,226.23646903776927,687.2472438518756,12.538083318377968,1.3004263300115326,Well
USGS_SOIL_00216,220.14307574156192,2.3350205382477984,159.5494894350125,1002.6559202337336,12.345775184930352,7.458655571824734,Well
USGS_SOIL_00217,839.6431071427653,23.0384120072091,188.8348016319756,1811.4835396568528,21.842670966083112,3.26887358602578,Moderate
USGS_SOIL_00218,1051.7673095307437,22.178693965639503,144.2733515734738,1063.8989256451,18.31300183331632,9.53066159680719,Moderate
USGS_SOIL_00219,483.2834054833506,17.26793845096548,175.50276718261284,2266.456838059049,18.462625129462115,5.843981992249975,Poor
USGS_SOIL_00220,724.5157556116159,20.742049117895093,117.68401627322348,1887.25131293736,15.350694597202558,1.30047564368153,Moderate
USGS_SOIL_00221,649.3068047137854,-1.201500804897691,208.30863627188373,2634.088838324686,14.084815925928313,4.630875569042997,Poor
USGS_SOIL_00222,626.5457264670719,6.345875066860234,163.3814379767896,1552.7892964421565,16.34934319542112,9.69680672397537,Moderate
USGS_SOIL_00223,-16.64761850289085,29.41178891673744,171.6468380621331,1060.4116008930966,15.40986143837222,7.573356939197922,Poor
USGS_SOIL_00224,411.95730791774,12.938181340541204,182.7681601294122,2989.187546629292,14.615881213609338,3.70431103317816,Moderate
USGS_SOIL_00225,1188.4278355731644,21.059463739517053,101.33023018463848,1131.3366332413316,16.4667555026199,6.177405648824796,Poor
USGS_SOIL_00226,733.673419100293,9.02688350674219,152.31070132897656,1342.947655363485,10.736466635350322,6.391912200576366,Well
USGS_SOIL_00227,677.5874482713511,11.462658677262729,185.4096296501335,2446.4689535384564,16.068038102721673,1.210133447048892,Well
USGS_SOIL_00228,143.77971646797778,29.83746224745849,173.60321079457825,357.04507828996856,14.556800191119551,2.609500251242998,Poor
USGS_SOIL_00229,927.9505429706692,13.740385448108782,267.0938194317319,1220.8213075696924,12.141534964390026,5.965992444810051,Poor
USGS_SOIL_00230,476.5040588067975,19.188480596304323,230.34870484216304,348.55927097102347,17.562509069936905,4.624773026416201,Well
USGS_SOIL_00231,378.7594733701071,16.043646331981755,185.5838009909997,503.9870133509979,22.180730756563847,2.710340330681447,Moderate
USGS_SOIL_00232,408.83290787930457,16.971337384980938,139.10003473088906,113.45839394422008,20.112278846633565,7.954018613777529,Poor
USGS_SOIL_00233,903.1942224212004,16.697817564869,160.20262337926894,127.67844848888812,13.869540254347726,5.400953926108864,Moderate
USGS_SOIL_00234,728.7114976571538,-0.8208261623911497,206.32539570765272,1202.8348795582708,17.657589921562266,3.7897582813016415,Well
USGS_SOIL_00235,1009.3791650168909,18.816526934066086,183.0648454007,2446.575034348551,18.373547252757803,2.455096117741713,Well
USGS_SOIL_00236,1087.7163714388637,10.698964836112832,231.0441672794356,1802.31264571591,15.476687051740443,6.500470265124678,Poor
USGS_SOIL_00237,528.1596670330224,29.236537378095555,182.74813610896072,1941.250727999166,14.904020786583573,6.996351723952338,Moderate
USGS_SOIL_00238,737.1914314160002,8.818878050462294,184.6333656381842,1605.8227889961709,16.37503771138024,7.026374949193857,Well
USGS_SOIL_00239,659.0951222484471,11.227189171862124,244.96848653649727,2477.40011809462,25.050315336260557,2.982586242598325,Moderate
USGS_SOIL_00240,341.4606408760903,34.568911964482936,136.1374374106788,2653.098303039905,16.029269165466257,6.3580456650011685,Well
USGS_SOIL_00241,384.624258440401,20.78723900299248,249.35430173673188,2564.248111621588,9.930316431020572,9.148658183725846,Poor
USGS_SOIL_00242,700.7484301359156,7.132647939546928,210.78531252188563,2455.183106828813,10.814827755923064,4.178688406866888,Moderate
USGS_SOIL_00243,732.8803046967995,16.41128927497802,309.4188081234114,629.867913333523,14.315233662432266,2.896902393776597,Moderate
USGS_SOIL_00244,733.5350468411003,5.236846947487335,151.94270517318327,1822.2410535591407,10.012464507844143,7.949345644186858,Poor
USGS_SOIL_00245,734.0054460792204,17.06069355305871,245.17615080440945,1788.2732686852737,14.469929104075584,2.5919464614350627,Poor
USGS_SOIL_00246,733.673419100293,8.564972458639975,185.35487502663173,1631.0376108681592,23.900842657547635,3.2837384835540275,Poor
USGS_SOIL_00247,1386.4314216136554,29.918787722963287,172.57663197590054,1494.3570889606212,12.954269716749554,1.9057995488076624,Poor
USGS_SOIL_00248,819.5409915357665,18.367075791453715,192.19608947204472,358.59438384051214,10.650866599222596,3.410868844672024,Well
USGS_SOIL_00249,577.3418494390402,19.22041746813709,185.0085898444822,396.2733783280436,14.16968648748128,4.693015595934805,Moderate
USGS_SOIL_00250,870.6949309234732,22.598010615007105,148.84336194839892,2716.616554277808,14.58420493574857,1.57742075748692,Well
USGS_SOIL_00251,494.6326674667707,23.492985177599035,174.7344853139152,1927.540673451476,11.044690391173011,8.845380198075706,Poor
USGS_SOIL_00252,758.0208291058167,9.487440526010891,192.2842673869017,860.7199220442185,10.046539075491518,5.623073129950171,Well
USGS_SOIL_00253,870.2087333934638,15.759749896445983,162.99377537673095,909.9711287190232,20.425004186794336,6.292932686996774,Well
USGS_SOIL_00254,915.28099493962,11.436167175177754,201.61765949210115,1869.5650117810276,17.003056141192666,4.34157180790109,Moderate
USGS_SOIL_00255,372.80525255250086,31.75258476683456,168.16630340540505,1280.11142644342,13.069039492498568,7.028517065985207,Moderate
USGS_SOIL_00256,1658.7278974423648,-3.2821201752543843,198.33381194015257,1379.8400958567745,10.378381316862749,4.886035622659277,Moderate
USGS_SOIL_00257,1104.54057152956,10.399119865950029,193.50864528923336,275.88497254691515,12.930233362313906,7.851823970853204,Poor
USGS_SOIL_00258,1359.7514937063463,14.360308679140406,198.05329462846012,502.34364261825976,10.095856317250504,8.392619291638665,Poor
USGS_SOIL_00259,673.1651998202107,16.095487240821203,126.05144631167188,1240.7162370346216,12.68207077001131,7.046642006978705,Moderate
USGS_SOIL_00260,824.0376291715421,15.932150409390326,223.88331234887767,2129.0906178108285,23.267632028421783,5.422020572568075,Well
USGS_SOIL_00261,760.9378191055758,14.630785102062722,145.35845620748043,239.2736240397481,15.955418185946057,8.040424155420048,Moderate
USGS_SOIL_00262,585.8822167238209,13.700656118484403,172.5658641943922,1070.217599210141,12.527935387725504,5.448567802643642,Poor
USGS_SOIL_00263,977.2826757079235,16.93037574849232,154.16638318511798,2115.708660610096,17.718142380775014,2.003589139326119,Well
USGS_SOIL_00264,484.9046038196042,18.692023996084025,182.85393880044484,2396.9472923058447,11.279827083697963,2.047062009196956,Poor
USGS_SOIL_00265,959.475281071658,29.325671020447537,175.55506505972045,651.6400418764086,13.377500793287656,9.53724825669701,Moderate
USGS_SOIL_00266,600.5726086132211,29.254882428407814,206.04772426188725,2221.312682491026,7.583314216483387,2.922067076120885,Moderate
USGS_SOIL_00267,869.7083325180234,17.407974880825506,181.7553214804377,2870.6939128291856,20.0962761934642,8.343324919197787,Well
USGS_SOIL_00268,1188.489632289371,11.037235304959484,164.3325928735735,2729.7552352797,14.193082408154488,3.2203486654752567,Moderate
USGS_SOIL_00269,710.0959309507864,11.596901912922004,108.10367200453013,2389.190624394776,11.72494203421831,4.877020844711348,Poor
USGS_SOIL_00270,984.0671353521684,4.4872666752700106,215.3729386319859,2165.747389519881,17.59796302408919,6.894533008883297,Poor
USGS_SOIL_00271,597.3287748022883,22.625875479758747,200.7014470878292,781.901093257334,10.809113398653324,2.429804556063137,Poor
USGS_SOIL_00272,395.5998057803792,14.64212256720489,217.00496740487176,1938.3193584395256,11.052261545557013,7.635218395274897,Well
USGS_SOIL_00273,1248.518739091805,18.49809273753408,172.5842581326122,1965.4945820498583,13.483808075702816,7.209216753008844,Poor
USGS_SOIL_00274,974.3127453141238,17.669978537455535,194.27731688852825,1279.7818630687948,10.209928543543263,5.8877460019520464,Moderate
USGS_SOIL_00275,709.6738272645304,9.419036713585584,153.8643168827938,1529.744838932719,12.386205304599356,6.093007804381892,Well
USGS_SOIL_00276,958.9225973696228,8.431342828111749,150.20786806058956,2112.68261570665,14.20736968543148,1.9519461416943136,Poor
USGS_SOIL_00277,445.0815067058067,11.376700056210662,168.65593557884745,2861.0944535602243,14.568501138362056,4.9235423539161,Poor
USGS_SOIL_00278,733.673419100293,18.88581061437557,216.8722768887652,956.3880044789915,9.701461942098408,1.779142558218621,Moderate
USGS_SOIL_00279,815.1014994676141,14.353986635669877,169.00903704690847,814.4531406765745,14.022680623950045,3.7707696193015954,Moderate
USGS_SOIL_00280,945.163244532123,0.8775174054812975,177.83656294770077,1845.239987666728,17.322669281376957,9.1028092698157,Well
USGS_SOIL_00281,1242.519260861617,6.806831750524035,189.69779287519324,479.3174231799438,17.989745362159095,6.170800604993128,Poor
USGS_SOIL_00282,1184.473804610973,12.861025246947708,181.01370792761568,1789.3452084146604,13.009892873495088,7.6843309433741345,Poor
USGS_SOIL_00283,333.34823208437547,14.756717052553803,220.57348946493283,357.66930670714936,14.244642853616304,6.164972806383031,Moderate
USGS_SOIL_00284,151.42602508270443,19.123834927719987,150.07726991649048,1522.6932508530754,14.008720797932996,2.7481308220598417,Well
USGS_SOIL_00285,823.7129812341703,15.31408775224423,183.98971336580692,1899.201686669248,9.433217545474342,6.353274842019023,Moderate
USGS_SOIL_00286,800.8014138168609,12.0983015329,198.9691109426928,303.31795389124136,12.83936570795118,7.798492695749724,Moderate
USGS_SOIL_00287,409.1522151985288,11.823309384300694,114.30882396896028,700.1641406510249,18.184913188440376,2.245645025803248,Well
USGS_SOIL_00288,461.768995297893,16.611700350748347,190.6419774548933,1072.5854261506224,18.24845916873112,8.352160390851264,Poor
USGS_SOIL_00289,518.8939872805204,18.34439174737109,233.6809701804986,1168.936216039861,16.647568308869932,5.998529610804662,Poor
USGS_SOIL_00290,1150.5085995820982,12.361578574436496,165.9803676536588,2060.703465437059,4.355137074245148,1.0384768195190317,Poor
USGS_SOIL_00291,608.2510917196295,6.378447287246347,136.59833356657674,1634.1618876226198,11.873949266145605,5.678006377041792,Well
USGS_SOIL_00292,298.83602779340566,14.211156734185048,198.6813319019385,1208.114563885448,16.870377736057122,4.561043429231466,Well
USGS_SOIL_00293,730.6705059834454,9.801107366414383,187.1794910681406,1406.961137590785,21.849570473393747,3.668018601609888,Well
USGS_SOIL_00294,749.1814659825184,17.300642394851764,240.89786901053617,137.63234488569373,14.941759665523294,7.941314979260877,Well
USGS_SOIL_00295,440.3657613588716,26.845981493798423,197.50671813195055,2334.523309992127,15.383491627442115,9.095498952929658,Well
USGS_SOIL_00296,927.116637887332,4.1874859446218125,142.25811614068203,218.91359721486916,14.547393062755871,7.863877804105992,Moderate
USGS_SOIL_00297,1091.1717122688017,24.205573573572188,140.45007186684057,2505.0207294754414,9.773896432921944,8.62095323431786,Poor
USGS_SOIL_00298,643.3874722710032,18.75231674757972,214.39276358617997,1668.8899121027173,16.40770563982271,9.179028488900558,Well
USGS_SOIL_00299,298.8269158165818,23.82272568586836,194.27647301433288,1630.6756545510991,8.914609410835642,9.2136638023883,Poor
USGS_SOIL_00300,667.8764512661536,11.51404477230408,177.67122257813372,2143.278020542278,14.659034176633284,2.031743286970817,Well
USGS_SOIL_00301,840.5019783719512,3.431778288444681,186.8955281788223,2592.722644695049,15.356199127615833,5.107469399984453,Poor
USGS_SOIL_00302,102.62717075484204,16.437566149736565,197.6774355192349,2833.673824791026,15.19719310263763,1.002578269536193,Moderate
USGS_SOIL_00303,894.4550862833962,26.197482052571782,194.91279703376708,1675.772673007556,9.80637136442467,5.5581632623330535,Poor
USGS_SOIL_00304,637.5007054507744,6.515827066545603,119.78091429107428,536.9088727678629,12.163893388628772,9.318195409094118,Poor
USGS_SOIL_00305,763.115235444925,7.717502518858549,228.6678806068313,2648.0296859017208,17.754944025738347,2.7919206135835606,Well
USGS_SOIL_00306,663.113091837711,19.697589518588444,231.3444293194117,217.94885327333327,15.291431280607805,6.7580796588992165,Poor
USGS_SOIL_00307,523.9680627159391,10.90234488581719,252.40513624541177,2441.277795087444,12.190104167798353,6.799411417761043,Moderate
USGS_SOIL_00308,716.7025092104229,28.32868034390646,243.70422222177663,2073.222716634379,10.715467744665863,2.4431858621899565,Moderate
USGS_SOIL_00309,733.673419100293,20.21660562504128,236.9018306945672,2723.7100615265435,18.211241000091192,3.146746953857143,Moderate
USGS_SOIL_00310,642.7257075155417,9.24621347209305,168.5405543421744,2702.643135717596,15.13745196508668,5.158196055642169,Well
USGS_SOIL_00311,485.8745964073842,10.482829203663444,192.0547790994812,254.14684776753103,10.476966575423948,2.693884388089109,Well
USGS_SOIL_00312,911.0324957651724,10.799150289779288,226.67995166545475,1867.394580809449,14.245395916304595,6.264945806720582,Well
USGS_SOIL_00313,1121.0395624058424,14.656637149705666,107.96991058359232,461.5472199877851,11.775569306310558,5.360875579200421,Well
USGS_SOIL_00314,488.0167433027321,17.43561079264253,171.25284672109257,327.55897405775875,16.205518699652682,5.672783606611358,Well
USGS_SOIL_00315,714.9554857643471,16.85144679721968,111.7851621162902,1400.0037229091186,20.01447508893517,2.210207975384997,Moderate
USGS_SOIL_00316,421.4418203749085,6.002366328588503,191.2112653615245,383.0328655613479,10.676641918384169,5.655266428947791,Poor
USGS_SOIL_00317,866.4101065031374,22.21500499946585,230.63231759369523,2210.9169110265198,15.628696769776326,1.4453037194872538,Moderate
USGS_SOIL_00318,817.2729111221096,12.67935146092332,180.75193258237917,2909.928060472039,15.55593803416462,8.933817682105134,Well
USGS_SOIL_00319,576.3112135372389,7.579715134010481,157.23107161462798,1751.790577570969,6.421907899958617,4.089247217250332,Moderate
USGS_SOIL_00320,725.1753048565402,11.295638715825373,191.32660053600716,781.9897217288911,18.3304656671259,8.707035923521367,Poor
USGS_SOIL_00321,1009.5826813082712,23.11446241795986,196.4984466073057,2545.2985354236466,23.395790289236714,7.314907318703595,Well
USGS_SOIL_00322,267.78852890006,16.522586618116545,199.317873177808,2573.9997872970757,15.552145420795751,7.895553303674629,Moderate
USGS_SOIL_00323,362.4530264294883,17.22049226327986,131.40241987587643,2225.0793198567435,20.438480023932637,3.830900450850305,Moderate
USGS_SOIL_00324,924.5503802329362,5.640095138428679,189.73941575503648,1883.8833359587172,9.981755848344651,3.0496954585064966,Poor
USGS_SOIL_00325,766.3433537321737,16.057865284457375,187.36672426574984,2616.59811878,12.124943084184125,4.660664984570033,Well
USGS_SOIL_00326,728.9499901646385,22.980254158908515,217.9318000420253,573.5458777929213,15.28497293762499,1.218032761715194,Well
USGS_SOIL_00327,1032.8957659879345,0.5761609534699126,176.9756586550053,2801.64036639773,11.585279760446808,9.268801091815146,Poor
USGS_SOIL_00328,961.3301921240148,11.888402862521716,258.96896419379857,2846.889132710648,15.152391624182805,4.483128393695121,Poor
USGS_SOIL_00329,1264.5312163031494,19.98544810992498,183.2934099732421,2628.777884591687,19.013498821025035,9.897009443592085,Poor
USGS_SOIL_00330,1018.480980106442,16.265953755878378,160.8768038652034,826.9199006632546,11.467740896968936,7.8530447872667155,Poor
USGS_SOIL_00331,907.717653881718,6.849560117400412,139.87539242508535,2588.7173203008247,19.19007757284988,1.7246350881937942,Well
USGS_SOIL_00332,733.8117913594857,18.186102906667912,159.44572796565686,1543.150814329306,7.306825115548902,6.941694500583184,Well
USGS_SOIL_00333,706.7510060591675,5.6607115709393945,148.04056963154312,1825.2976884623931,12.724939258132334,3.4375524835415963,Moderate
USGS_SOIL_00334,749.0279704717032,8.059623724998673,173.75916151601362,2537.741805262021,14.21227129089058,3.193467810232421,Moderate
USGS_SOIL_00335,816.8939565942879,8.899537251871513,247.46905947279785,185.7902491811888,11.29216813735951,3.3090640291289155,Moderate
USGS_SOIL_00336,387.9807055784794,27.347105197641007,121.6276437529865,1152.5335173093729,12.78074619361118,9.244675438235353,Well
USGS_SOIL_00337,829.0782241566694,1.6423197367660904,124.43664975281108,2465.5107940089506,20.584579316267813,5.499821584642374,Well
USGS_SOIL_00338,677.0020519878823,2.2328366030863283,170.61457963752142,2460.468873024997,19.959727619329183,7.025238089304453,Well
USGS_SOIL_00339,857.1152445689077,17.266573758354255,125.4830979859002,2561.1949879605054,17.88013704600468,3.5285304321973063,Moderate
USGS_SOIL_00340,576.6974081653964,15.838423092853342,140.7225397515668,590.7261104045247,19.16484946653409,5.706590096666064,Poor
USGS_SOIL_00341,552.1724821887553,11.240531056586084,193.56639542442016,2147.0711928610845,12.518518318925564,4.150901243900709,Poor
USGS_SOIL_00342,819.214296757847,15.110601530286427,177.89584831150648,524.8596874657139,10.108638298278612,3.8902513635676064,Poor
USGS_SOIL_00343,893.1811314901274,6.483679172600708,197.54038462237995,2376.7842259579734,11.769596608109886,3.22271963173191,Poor
USGS_SOIL_00344,568.819772401541,15.73701289868723,203.64232081046515,810.8654129180717,12.363928817450798,4.681062086440605,Poor
USGS_SOIL_00345,1145.7621551156867,16.676716098010527,233.7037570870338,2239.671410002143,12.561940132290342,6.940270995670207,Well
USGS_SOIL_00346,1143.7048258049876,24.71760094644308,195.16133488448585,1419.50469373112,17.112555166506752,2.998393984603981,Moderate
USGS_SOIL_00347,275.3021330230344,30.25824137001147,228.1992393015917,2960.16404720304,16.29271151806482,9.688995881896153,Poor
USGS_SOIL_00348,516.8919150395512,12.859073078343195,184.28298013195155,1781.6921091729146,14.297352272041094,2.121505088173,Poor
USGS_SOIL_00349,784.8622573409399,4.813498398353914,195.61720247786957,1934.4801562388295,14.543689426358606,5.321864869492927,Poor
USGS_SOIL_00350,861.2314041025478,18.079795003471897,195.100823192148,1167.6741901687335,19.3796891272096,1.7652539471981448,Well
USGS_SOIL_00351,1389.7019917783443,13.92954579108013,191.38232004089377,2230.108457757556,9.832708163598245,1.2039878896210898,Poor
USGS_SOIL_00352,792.2682840175521,13.575310179114789,188.22701915765768,1535.1683592040215,18.158692268062826,9.30409587728527,Moderate
USGS_SOIL_00353,715.077721705636,2.111412365372127,252.83935075634645,152.39324177800603,6.554823199179502,8.293463145555707,Well
USGS_SOIL_00354,408.5894074231142,15.788924342952948,207.92384849984035,1864.886633839371,12.73641734925763,7.247398358130025,Well
USGS_SOIL_00355,274.38198135631626,18.38287193588571,162.1045030710394,2508.332812245148,21.042347099230227,8.786717318349503,Well
USGS_SOIL_00356,709.8983261750382,22.947238234743523,273.7369987611938,786.725133175307,16.203367569264557,8.225635806727556,Poor
USGS_SOIL_00357,1367.215557592412,10.956110910520332,164.9178771079929,741.0848897470354,13.133433179421743,6.82513948887753,Poor
USGS_SOIL_00358,686.4693820933189,8.39693810231033,179.79085444899027,1865.7699310458845,18.661281427093428,8.626080931915322,Poor
USGS_SOIL_00359,518.1805086671957,10.892257083106124,146.77477027218583,2472.1399016339324,17.38041630701341,4.517204981140948,Poor
USGS_SOIL_00360,885.6208192507603,22.46943417315982,208.68450126512272,823.89897974637,17.218459341811787,5.974766499116135,Moderate
USGS_SOIL_00361,148.3304256279407,26.08886588665431,247.60942144717245,2803.5616886048133,14.19456331160494,7.986795876807811,Well
USGS_SOIL_00362,773.7870712066742,23.96792255791843,120.3533833900417,2789.423334376492,18.83978019889057,1.7631821462171198,Poor
USGS_SOIL_00363,733.673419100293,20.1815095860784,168.90516322210834,681.5563485330067,12.424393418109602,8.727809204462355,Moderate
USGS_SOIL_00364,465.7322400227099,14.742554810517946,224.6645467671169,864.9747949647655,12.235263717257816,2.4114741012694454,Well
USGS_SOIL_00365,1160.660930719235,15.98987967223804,137.62730743605948,2131.7365517496683,22.49711861455301,8.780871276077853,Well
USGS_SOIL_00366,947.9047648217604,17.15633182457073,202.97529021928045,2860.026016170835,13.000334581988724,3.801995844696343,Well
USGS_SOIL_00367,1163.3763706776151,12.983059916180387,127.94237297026557,2158.6597974513124,6.872621614474561,3.941045613722966,Poor
USGS_SOIL_00368,337.10621391021414,22.113447684043816,196.31723269703969,1390.21014447956,19.2499810541874,1.6655382088273114,Well
USGS_SOIL_00369,733.673419100293,1.777844162055633,183.1127021633313,590.1039046368589,20.44520876476395,8.973096615061745,Poor
USGS_SOIL_00370,1026.637970558469,3.258209589372754,312.7033196319454,1436.9285616349014,14.056998787806997,2.570593621517826,Moderate
USGS_SOIL_00371,300.6423920888123,1.7637651755678796,209.77872692015032,1859.626596714608,6.622399905173175,6.670449118333138,Well
USGS_SOIL_00372,1034.1215065288793,8.582469227134597,93.10305443588707,1059.760564974286,14.779128361308516,6.795708393281701,Moderate
USGS_SOIL_00373,696.0459326197026,25.769531121254605,177.0101519300498,1579.7476814802603,23.28920448570701,3.530363530731813,Poor
USGS_SOIL_00374,1031.8886540783192,5.488349289454094,212.97184310742333,477.6209721532472,15.8102364678396,9.87094861711124,Poor
USGS_SOIL_00375,815.2410184175328,5.782880554078528,163.47369571046497,1411.3455030865005,18.07743216619057,1.5774959629997642,Poor
USGS_SOIL_00376,1173.2479253510933,8.397061087827412,161.73717680357046,363.24987489570657,18.30724816122766,6.470848098923665,Well
USGS_SOIL_00377,362.4270001237184,23.86010914388114,163.69021550794957,242.35737485207272,18.88517391761084,5.315895347114702,Well
USGS_SOIL_00378,848.721087278705,26.48230292414817,201.88637412663297,2585.995755238049,22.450119807501085,3.209356964325472,Moderate
USGS_SOIL_00379,296.5304164888902,23.120447563854214,129.7892009492117,694.7365940236173,19.320484015223222,2.471965401906518,Poor
USGS_SOIL_00380,875.8614880278221,23.616340354576742,157.53897360673267,1767.9504544710069,14.677131991282891,7.633759223430878,Moderate
USGS_SOIL_00381,848.3459753588164,28.215216998784967,221.3192059112278,532.049999388978,10.536503059803096,9.246833870330676,Poor
USGS_SOIL_00382,664.4755311833825,0.6280119150611974,160.51761921076388,861.3299556369449,16.718857115650287,1.9679163575925016,Poor
USGS_SOIL_00383,514.8608325374138,5.200896695123516,158.1237616762819,1147.8843173315047,14.226191770995896,2.745821908954049,Moderate
USGS_SOIL_00384,652.3901985010601,9.394118717232388,124.9457350199172,516.6616654288337,17.86714549625778,9.876427725660088,Poor
USGS_SOIL_00385,779.2958009819707,15.829826125457526,205.8365568816415,233.29066133221997,11.548518761816222,1.1352040681408715,Moderate
USGS_SOIL_00386,835.2560334907935,15.80390437141136,197.01757629059895,2643.763425852232,13.797551453698764,5.574267726876309,Well
USGS_SOIL_00387,1329.6947929629866,15.928709346494111,218.8945768226922,134.3152240513392,15.044638762928352,5.645015650736329,Moderate
USGS_SOIL_00388,1012.0249447631238,21.673753879396276,175.48266707352352,277.83085022169666,11.243169018518884,3.3684537263119645,Moderate
USGS_SOIL_00389,573.9309537689983,-0.3427722284077248,192.6312841471837,2434.709266401497,15.159441606973427,6.967259923992947,Poor
USGS_SOIL_00390,923.8126948698684,13.87734416894131,192.29477987668065,917.8241766418626,18.1474232099308,9.504468157843124,Moderate
USGS_SOIL_00391,1014.3957235442606,17.12487362330225,123.00047552873497,2196.178873232622,22.64055361559001,5.051925378609194,Well
USGS_SOIL_00392,553.2099335230831,12.395953057539186,274.13780876872323,524.05467273195,12.058760747259658,7.744775548610715,Well
USGS_SOIL_00393,960.646810962784,16.513091363304586,219.1223388151517,788.1170709304861,18.62330393126816,6.814632333443124,Well
USGS_SOIL_00394,733.673419100293,23.17768914151335,183.1599949100928,1761.051898131281,7.087934115826284,5.256476771875434,Well
USGS_SOIL_00395,542.28157873135,15.497774799922926,171.03137797579262,2967.043931618922,14.969841832853373,1.448310698228842,Moderate
USGS_SOIL_00396,322.7307987341084,32.10227952393557,232.9581719554645,312.9889634617472,15.282597632242243,7.675748244615478,Well
USGS_SOIL_00397,686.682889439682,22.6070978707404,183.8369486319717,1261.6083341473136,18.256757897807944,4.269263024093167,Moderate
USGS_SOIL_00398,607.9063551378388,17.129012315739672,216.5448956736828,224.934813017182,12.9212795692032,3.020452195621788,Moderate
USGS_SOIL_00399,630.9132587419856,19.029840715716382,156.87910368230865,677.7566837023272,15.979031210240386,9.534417848093534,Poor
USGS_SOIL_00400,994.6427864090356,20.946546719373163,144.98202806207178,2731.6659778316634,19.43366846184366,7.961524925924458,Moderate
USGS_SOIL_00401,777.1747278643373,28.48337546855242,173.53055009109485,379.734300990332,10.491086803339506,9.660418135092428,Moderate
USGS_SOIL_00402,990.0969289726588,24.394312610479048,180.42310123289,2584.8821719893376,7.16591465127162,3.3059523894903107,Poor
USGS_SOIL_00403,1237.905080954438,19.113646041730263,196.9408655898718,615.6293905192356,19.318071768193438,8.522139948200985,Well
USGS_SOIL_00404,1378.3997773902747,9.170770348914338,238.6759627713919,2599.1760549593414,11.009954504494257,6.469492638357723,Well
USGS_SOIL_00405,708.0587647210209,18.319420686422504,224.48127408359747,1660.263693093458,16.827803705046097,9.833533203728976,Moderate
USGS_SOIL_00406,910.4235967163312,19.631479467153863,232.72027053848376,2646.7993552578464,22.800351338012483,9.516852510522916,Poor
USGS_SOIL_00407,703.5722969102618,21.222823536259817,150.69562266887482,539.9405694894092,18.34552702465857,9.756712404484322,Moderate
USGS_SOIL_00408,1054.259824568914,9.128805065343288,168.20281959324782,2309.9059987926958,11.114648871151536,9.565908565059477,Moderate
USGS_SOIL_00409,995.9070335074326,20.90457174169876,218.71982286673696,2074.0259286336723,9.15103056383671,1.068947802013951,Well
USGS_SOIL_00410,551.8383165563254,21.404096319198835,228.5978987733216,1674.5068234395912,11.886116345305055,7.669768691356205,Poor
USGS_SOIL_00411,595.9888364235989,5.32107196697501,209.67408106266345,2450.703298791822,15.691318003612189,3.447411050886776,Moderate
USGS_SOIL_00412,733.673419100293,5.388549151334489,157.49138585713308,1980.0004708384151,14.00033445966956,7.345243859972752,Well
USGS_SOIL_00413,585.2489661681083,23.94412295034332,138.33528399490007,2643.436081362474,20.44743240179736,9.825500811285178,Moderate
USGS_SOIL_00414,716.461396350503,8.158659909573519,189.3191057942784,1205.0802256781417,17.668509454672076,1.3542345162888294,Well
USGS_SOIL_00415,952.512272709816,27.301882255160145,144.33100798888964,1810.777216994064,12.077455046229304,6.102890491954154,Poor
USGS_SOIL_00416,700.3273135537236,12.768497316445911,198.42564407795948,2624.742443469564,18.38427084691308,7.614578423050924,Moderate
USGS_SOIL_00417,1210.1895537114592,18.07895878214171,230.0274096031407,722.9607859019903,21.025672900481236,3.2802290399332623,Poor
USGS_SOIL_00418,1059.9318016829525,17.69036982661848,187.56355694843973,1508.6499341888773,13.739664289190763,3.0260974336042823,Well
USGS_SOIL_00419,484.7491794918094,9.284243242791987,127.7668309531338,2886.15128301314,16.918327377952515,1.543109548616929,Poor
USGS_SOIL_00420,574.3480165440805,26.1236506402413,159.62816642397678,1473.445224334585,11.501714133233634,1.8452787145126808,Poor
USGS_SOIL_00421,926.268462363671,12.776193609076309,214.58733077986045,833.2053910670669,14.433012012770876,6.910749197635254,Poor
USGS_SOIL_00422,734.3928283248121,15.47031056551465,198.9568569806715,1118.1210923553908,11.431977718509408,5.546895571287558,Moderate
USGS_SOIL_00423,167.83229857120352,-0.8573248331240553,202.15569601011595,2666.743946182995,19.95716085491352,1.2706500473375133,Well
USGS_SOIL_00424,458.73513835684565,4.308876073215826,250.75851434502977,2869.160812425896,12.992896998365495,9.726955828774893,Poor
USGS_SOIL_00425,820.2285891513317,24.017030276527677,193.96276793704268,2855.312163789804,16.760145161992753,6.904412825399246,Moderate
USGS_SOIL_00426,1017.164637513663,14.955741324067237,192.70095048997024,2126.9329367088567,17.540987633553648,5.639217121144075,Well
USGS_SOIL_00427,1021.4541111561311,10.31546873409026,214.26701592538345,1577.845477591376,27.43631022756033,3.45451812963781,Well
USGS_SOIL_00428,1338.8510865312446,10.444051535207691,133.073523839727,629.7979112312913,13.937062143834964,6.922889963267529,Well
USGS_SOIL_00429,542.5616812063314,19.38869580533597,162.19559037669026,457.3409350043472,11.891419899290538,4.277510765944415,Poor
USGS_SOIL_00430,733.673419100293,25.082968704510748,150.4605544327602,273.3231621599041,14.711120648144954,7.322447463962406,Poor
USGS_SOIL_00431,742.4015548019489,10.50614910025044,206.19656178600977,151.37323757601084,11.597939055805744,7.143147282760878,Poor
USGS_SOIL_00432,247.20792533371497,23.76689438148167,143.2359068196119,2646.538494106478,13.050126657933754,1.834694156117164,Well
USGS_SOIL_00433,749.0774319597211,13.719394697293753,202.53791635160312,2446.350315829699,17.909635845058617,9.183346374798925,Well
USGS_SOIL_00434,691.3485446953069,19.00519645230007,171.32921275776917,1746.6820034513653,12.313248541686354,5.382768264415132,Poor
USGS_SOIL_00435,987.5153575575856,0.7996891328413458,165.75376358187108,2996.2974381593704,17.247883630556412,4.536504450698985,Poor
USGS_SOIL_00436,1038.4561795683207,2.1705833457351678,216.47308814914064,2863.8510093847594,17.385792752057164,9.599159292659008,Well
USGS_SOIL_00437,857.1820686127385,21.56068598687131,126.71340071219178,1999.8160150726487,15.99749271871978,4.943883530000905,Well
USGS_SOIL_00438,750.8623112537864,17.199543522148666,160.45264614607152,1447.266244416735,17.678035076025353,7.49098825212758,Moderate
USGS_SOIL_00439,859.2046324391886,18.229417586865143,297.18080898592285,541.2950767280759,13.822394934071356,6.896228295248525,Moderate
USGS_SOIL_00440,512.1516392382028,6.369847604287074,254.016740566181,1595.222035237622,6.989039459541637,2.486260882747509,Poor
USGS_SOIL_00441,725.1969333592526,11.622120597452156,107.4234018780287,557.456651368029,15.237052649160416,9.920284963688232,Well
USGS_SOIL_00442,755.0298056616732,1.6220160892001694,159.6977308951856,1255.508782313948,15.313169726027084,5.17243890061798,Well
USGS_SOIL_00443,727.4744367021322,8.220414520804539,182.51261361422533,2833.679514454978,13.51937500692339,4.553043151755777,Moderate
USGS_SOIL_00444,698.6922090507545,14.817104510989768,123.55172336864844,1091.739069073349,17.591512926879066,9.27652143477907,Well
USGS_SOIL_00445,563.619243734908,17.622616060227063,260.7212410729693,543.0830935660547,18.057223649411597,5.763145029193991,Poor
USGS_SOIL_00446,442.3192172261847,9.296561489803963,181.18324890777376,1788.9501522850226,15.872629077368105,7.345692657363811,Moderate
USGS_SOIL_00447,688.4729229947242,19.41722827506622,172.5631341552388,1846.856104969669,15.394554423611954,8.616214425358098,Well
USGS_SOIL_00448,928.3048984043934,14.693757874246948,195.24260958809407,662.0323031569559,19.875119630476384,3.119449561520665,Well
USGS_SOIL_00449,228.77851198816904,13.192561491577727,194.60521249295843,670.1011039876847,10.703967122139591,2.5251992667507657,Poor
USGS_SOIL_00450,600.8155039648632,15.669049620713563,145.82581971749752,2969.6943948419985,13.674495635399197,1.6165612503190538,Well
USGS_SOIL_00451,1370.7288161685206,31.79695380760132,232.61138980355156,805.5151113004148,18.99127685763908,9.074199693214588,Moderate
USGS_SOIL_00452,692.1069696770638,13.711945247963186,186.4814375670641,2530.756900872394,17.14310015590816,2.8033038526883387,Moderate
USGS_SOIL_00453,795.4049257357041,22.617948743111256,232.34986235864568,1463.9390940833405,14.059881985678336,3.769786396579545,Well
USGS_SOIL_00454,1301.61864410125,19.370282221692737,156.9744652719097,1361.4687928469111,16.562292555253027,3.57226233471056,Well
USGS_SOIL_00455,845.83058187654,13.014724976039206,108.1628120678382,955.391006874882,12.807167452258875,3.7412918877015535,Well
USGS_SOIL_00456,852.6805574737465,2.5977108028694147,237.49163639447448,2344.094810987759,15.645121813251764,7.0125501414584654,Well
USGS_SOIL_00457,476.9559977830856,9.982182057795178,209.6158586659449,2653.916547480509,17.75222328870907,9.587022028664844,Moderate
USGS_SOIL_00458,843.8470158729567,15.611067948027706,226.728645401492,857.2696385213328,20.16747420239032,3.965080923617864,Poor
USGS_SOIL_00459,745.5608745935431,14.16178578875912,229.18928442058183,375.78034111243056,17.64362368726679,4.668824391928272,Moderate
USGS_SOIL_00460,1027.4740482975517,25.373065385393097,180.7713924427553,497.0667033682686,20.454521630816828,7.940322856977501,Well
USGS_SOIL_00461,1133.1968294035346,9.131986334393629,165.32272590234112,2399.130250822108,9.229445978311984,4.891041497689173,Well
USGS_SOIL_00462,759.0935730142512,13.825509053399278,176.33287926729653,1363.898042826915,6.149150566554278,9.334384911334428,Moderate
USGS_SOIL_00463,864.6287856552033,19.29091565497512,202.0570628293476,482.55250939109646,6.270162464964503,5.528962456706949,Moderate
USGS_SOIL_00464,183.03769462677667,12.774908317404932,191.0815381931816,1086.8357986169112,19.464226621121803,4.129613701872539,Well
USGS_SOIL_00465,79.30445107859634,22.78938805307197,106.83276235660796,1591.2829002738536,17.41474976525272,9.744152353608428,Moderate
USGS_SOIL_00466,1077.9576569368892,6.299458628189996,175.260018659734,2570.949883150524,12.12674230976875,4.83203688457762,Well
USGS_SOIL_00467,1.5309257279416215,2.84186257537816,236.5558773293272,1961.0554372530075,13.460424118639605,3.0805738406923835,Moderate
USGS_SOIL_00468,848.2008802064992,12.708635240139538,179.9475009744838,610.4951231320022,16.345909803881856,2.5993073331057963,Well
USGS_SOIL_00469,697.9034476234898,14.431705270297742,268.9816237283747,560.2378658391757,12.10677980335752,9.95663193245493,Moderate
USGS_SOIL_00470,1119.4057978854505,16.744807043568276,141.55849405081818,1295.7692253366354,11.731205443949513,7.776889238159643,Well
USGS_SOIL_00471,739.4474207082359,16.107637463807947,193.9412547825044,318.05925833509355,12.38169630200159,4.677938177096626,Poor
USGS_SOIL_00472,1290.6760988452838,11.732829363711623,140.58634749743877,2291.173866323232,12.037982290719714,8.43727008566971,Poor
USGS_SOIL_00473,688.8304728500384,2.936257765033954,145.77697781951863,1264.216078880939,15.176763987180246,5.921255165630365,Moderate
USGS_SOIL_00474,1093.9046705801711,14.050329819090225,146.1489176449729,1094.768941066032,21.65216658182519,3.856506162699452,Poor
USGS_SOIL_00475,300.52907114881384,6.686043024817861,268.38719899048203,1576.414163935164,10.971555594614308,7.690472278623634,Well
USGS_SOIL_00476,59.38870407383763,15.564449487030544,169.91423638430032,2155.9747309122586,14.70709470050453,7.7130526499483665,Moderate
USGS_SOIL_00477,741.5363519194105,6.136059799118778,151.8944652776169,1751.1061390298512,16.8424628302692,5.501523062657215,Moderate
USGS_SOIL_00478,329.8210889231414,18.03368088850056,179.89167496899367,2426.9680669937625,17.14221651339981,1.4064250631994677,Well
USGS_SOIL_00479,732.0220507187926,28.34329536773969,171.10342448568048,1925.1514352233407,12.976492431502477,1.6932023791630084,Well
USGS_SOIL_00480,626.0413247364511,9.192225814635243,212.458053307235,2385.113775483965,17.474796855569036,8.098745311011442,Well
USGS_SOIL_00481,931.5429839866084,4.87916193461678,98.42919873698058,2120.668593337557,16.6801158844091,8.411287383893919,Moderate
USGS_SOIL_00482,430.6878096970611,24.1560810374773,141.815435369346,660.0562367648358,13.194963416516758,7.10460773719464,Well
USGS_SOIL_00483,877.3961905347905,29.136007020723333,213.8602197589576,251.8279055388164,9.589103552760312,8.551617178759146,Poor
USGS_SOIL_00484,1009.184801100732,5.035354578890598,160.45485573474147,2719.8507214598067,10.42673749469006,7.475387233218509,Moderate
USGS_SOIL_00485,688.2884997839429,14.267739465918895,149.8019510648093,2842.4028796080443,17.98342178458846,9.072411584580244,Well
USGS_SOIL_00486,893.4693228334439,18.894052333833912,148.01194390772002,2208.1036602312693,20.70825627053419,2.353584453519523,Moderate
USGS_SOIL_00487,456.42932851130746,12.917946499029425,208.9457929363178,2200.196885818252,15.003020364311384,4.489673754941862,Poor
USGS_SOIL_00488,635.2033771585341,0.9871095415590858,207.19860652349507,883.4265334329176,20.607622115315507,5.176997145017373,Poor
USGS_SOIL_00489,347.3788715218514,4.016706479555248,218.30480381574665,1673.0809557573152,14.790478102248548,3.678974152823922,Well
USGS_SOIL_00490,1451.6317593143483,4.857654357769976,133.49208102356633,2977.495024743364,10.422069620369538,7.528298033344996,Moderate
USGS_SOIL_00491,1118.6381636731546,6.679167182223084,131.1271296583865,2582.8164344030565,14.162131540571249,9.21194931420226,Well
USGS_SOIL_00492,1248.035783268112,15.69480996205953,225.49399071790344,982.7436224007904,20.967427731347403,4.712339793423487,Moderate
USGS_SOIL_00493,1114.3316821550843,23.781838729873066,188.20495903439289,973.033010523882,12.586137572377265,9.4738776813817,Well
USGS_SOIL_00494,551.0522278102851,4.140310914953721,155.76217312807128,1502.3741443293716,14.456191089513217,5.65092016429651,Well
USGS_SOIL_00495,733.673419100293,8.712715248635174,173.71364022695448,1273.336131886575,19.742538832969306,5.70264064134446,Moderate
USGS_SOIL_00496,622.7780672957457,6.120314914339708,130.62669964092962,1176.3438342125064,19.467167235631983,6.401975866099809,Moderate
USGS_SOIL_00497,892.5920622089205,17.30731158847589,158.8158244949073,1918.2185355377,16.22370543043542,3.4149795860739283,Poor
USGS_SOIL_00498,662.9241732480124,8.424606704466118,186.36858824367687,133.32816193725893,17.138591648768664,4.450244672215333,Poor
USGS_SOIL_00499,79.56191827492592,6.9142353321872,194.17887676124988,2313.684944496503,19.2513989272102,5.979137075969452,Moderate
USGS_SOIL_00500,974.1224868955696,2.2235072422270203,176.50276282054088,2246.153690359776,16.234236632558563,9.477845970159356,Poor
USGS_SOIL_00501,270.53702723295174,25.877726472771435,172.41179843019424,2507.9444737246336,20.12204067870165,6.784233206096966,Poor
USGS_SOIL_00502,623.298014003284,32.516497402248575,209.3302770849965,2540.206952589759,17.687758749153662,3.9980490209983857,Moderate
USGS_SOIL_00503,1273.13530686414,15.67338693622819,175.94494723701615,1742.5591148053586,14.408413583580897,1.0942171598485235,Moderate
USGS_SOIL_00504,764.720021396507,26.884762583717176,162.11538924938077,2362.214413307543,16.738081107311835,9.83499084936915,Moderate
USGS_SOIL_00505,1072.9977106702952,10.464710617993685,149.50811932801176,1527.9458638935057,13.458233115542509,5.436861020365559,Well
USGS_SOIL_00506,854.0459830263542,14.992822962268828,109.2962196606835,2859.436525613072,11.137831775252453,9.446456424976938,Moderate
USGS_SOIL_00507,447.32928365813615,20.210185585810223,205.9967549630417,653.0257363835607,10.434232529837264,5.944107104515476,Moderate
USGS_SOIL_00508,968.7950191761583,8.985860479177148,238.54339636187788,2755.289567014308,14.173665208687984,6.449183742000598,Moderate
USGS_SOIL_00509,731.0323382372821,13.724389136519063,146.939580161294,849.7380476763971,16.251921371553532,7.407210303135749,Poor
USGS_SOIL_00510,304.2508593505939,12.736924005524994,129.1978539504624,397.89778369187087,22.20420361662465,3.88878160297965,Moderate
USGS_SOIL_00511,253.90118357661916,18.501908576374348,155.0910132208189,1373.4028974802054,16.664319445780855,7.290855646075311,Poor
USGS_SOIL_00512,864.9807763584995,15.496502917588922,191.6213645340033,1883.260003006572,15.765969288980846,5.741127188662453,Well
USGS_SOIL_00513,1392.4035113624925,9.18075572323383,159.78800277700623,769.8706322798615,14.601449582461443,7.05231954624256,Moderate
USGS_SOIL_00514,427.123893266131,12.592874713414504,159.09233230632037,1711.8090993184635,13.570523457121888,8.52249934818856,Moderate
USGS_SOIL_00515,462.9085918271456,23.917948700888843,176.68306719735062,2442.890735110064,15.52303227572954,2.658062172447856,Poor
USGS_SOIL_00516,869.3389070526819,19.390844001329764,184.0323532319708,845.546400830796,13.89695095912151,6.521958193021837,Well
USGS_SOIL_00517,355.82170615482966,18.6947677035596,194.7300865015711,1782.9345131511886,13.700596963480931,1.4690019574885294,Moderate
USGS_SOIL_00518,1456.2146248556646,33.04801007963975,168.19388595878868,1084.006528959933,18.28309889581072,1.919035800541332,Well
USGS_SOIL_00519,490.2987180852549,5.952400270333801,167.48175173890803,1636.3285558383927,11.37012422782994,7.071348121620282,Well
USGS_SOIL_00520,600.3173004141196,20.678074690390208,103.1205616485046,2034.0651567674115,14.000318179521171,1.6384388662748752,Moderate
USGS_SOIL_00521,508.63755476280704,15.438429823337357,217.4274248929356,1116.2254582666678,12.24953608336488,6.358220018325765,Well
USGS_SOIL_00522,1030.4282543947709,17.75053181878164,190.09477429238737,2984.000359111189,15.47041857680317,2.980113387862469,Well
USGS_SOIL_00523,1398.6748648046528,16.458260364241294,240.4425517713052,1734.9480754459585,18.415038975292457,3.736763456605732,Moderate
USGS_SOIL_00524,539.0267147398067,9.387954133069153,200.44442956288387,2490.9385213695223,16.399957058456934,2.166728519326837,Poor
USGS_SOIL_00525,1009.9732292910808,6.719589074198794,177.0561359976881,2202.8921464412942,14.116398157436889,3.2380073755555534,Moderate
USGS_SOIL_00526,358.2279357942258,14.998657725618385,120.55941906532084,2573.1354097385483,18.761525820562102,8.391626063373952,Well
USGS_SOIL_00527,1037.7821758321425,8.742599122214424,114.64947430507304,604.0227681618469,18.530828186752533,6.749905650458748,Moderate
USGS_SOIL_00528,1277.5082136590677,12.043159510116208,221.93392900920344,745.4057582102458,15.157996857337611,9.547838152415691,Poor
USGS_SOIL_00529,1185.7069203596895,21.38528204205982,202.4619385414493,1513.4924158818417,21.371988319033743,1.4387036981837975,Well
USGS_SOIL_00530,789.8472703023652,5.184923252384321,238.61599742954692,2571.753161807783,16.677556552165356,8.131707974656617,Well
USGS_SOIL_00531,440.15596709721217,13.466302964041905,217.2499335794878,673.0590860334903,16.569703859197386,7.291694649514821,Poor
USGS_SOIL_00532,750.231370125542,23.43612834393092,165.15477103516355,2916.0909131111653,10.189291364259688,3.348030746777824,Poor
USGS_SOIL_00533,656.7332078474107,10.942599716777526,87.99663881960966,470.04669411391006,8.265220128177344,7.56250032529526,Well
USGS_SOIL_00534,615.9925682319185,26.755641774520303,204.18080869009412,607.7260410234733,15.25374603947147,7.448936949231582,Poor
USGS_SOIL_00535,811.9649556665797,2.593646683281833,139.35600973123906,584.9779717616187,18.98901851223297,5.134106827528695,Moderate
USGS_SOIL_00536,730.0360677638743,29.55507632439473,172.62791852895649,1799.4172638003968,16.314025643323426,7.1977565696833805,Poor
USGS_SOIL_00537,962.353157469882,15.143867220132607,196.48443777897373,2760.869136630244,18.80354350829028,5.001228127135588,Moderate
USGS_SOIL_00538,964.30341442738,4.370882812895259,154.7741808527515,839.8230227826712,13.34592098896609,4.019910364520849,Well
USGS_SOIL_00539,731.1604307736824,21.665421129115515,146.99332615106167,1703.8068750298282,15.329983320783574,5.198418643032245,Well
USGS_SOIL_00540,879.6771853801886,18.4466809274122,167.71290934672697,609.7402791376362,15.066758022565024,9.05616533343512,Well
USGS_SOIL_00541,1146.4155748216024,26.05718226680547,98.15276917447366,1930.296999002616,7.794035369206694,4.461254135741964,Well
USGS_SOIL_00542,590.5198337049543,2.711672555963485,138.65242113159127,457.41437492058407,22.15567740471714,4.633193597109974,Well
USGS_SOIL_00543,754.7677925843777,6.231067691220572,138.0743463123822,1524.8012257868238,19.79024626741712,6.475629048598452,Poor
USGS_SOIL_00544,441.49343405021455,21.16041424592558,170.5660805164507,2000.027259662916,18.71373476220421,7.776995278902592,Poor
USGS_SOIL_00545,893.9592395105706,35.39628747588846,142.11369494857718,1779.4709585909798,20.13970799872372,7.611587742800408,Well
USGS_SOIL_00546,809.5523403893148,19.601989463282905,159.3671560530197,506.00139983215325,13.132296029099006,1.1781885710634152,Poor
USGS_SOIL_00547,888.2608788092833,20.84069426750721,162.20141532696442,567.9827773930051,18.183098772852656,7.186737997169678,Poor
USGS_SOIL_00548,453.3422392430468,8.90988378228706,265.1074264049529,2047.0339139924656,13.12309178168542,5.054986432890342,Well
USGS_SOIL_00549,979.6697039693208,13.54520130352715,210.7828499380176,2445.836958660351,15.592000672771714,5.716809707990118,Poor
USGS_SOIL_00550,780.606861298614,10.041324022179433,175.1846987817327,2733.4157673358136,8.031062460970023,6.054970032486813,Well
USGS_SOIL_00551,1058.849348677437,19.01874182754979,197.9631268708453,2459.4733945037387,14.404854597713356,7.585476553974388,Well
USGS_SOIL_00552,618.6798205123963,22.43620518716518,216.82864152490703,2924.3792487728647,8.878979127552459,8.481996852474817,Well
USGS_SOIL_00553,954.7231668300147,16.485734268003437,191.51077798259743,1283.9302320788927,9.983445329267424,6.816348501690125,Well
USGS_SOIL_00554,883.5094321671922,21.3635149016393,138.64443195907512,1060.3806872438995,14.785191284940892,6.075164987254011,Poor
USGS_SOIL_00555,1207.3952595872518,14.770039136385671,174.51961781530767,181.733751800839,12.16907245422367,4.363923293314317,Poor
USGS_SOIL_00556,715.1070306786422,25.59724288748078,140.96430629407442,1404.697982365471,16.355826057907592,2.240903973087528,Moderate
USGS_SOIL_00557,583.5370998255912,8.107593736857226,166.83683306591786,1988.9775019983745,21.699812043897083,9.627199134803776,Moderate
USGS_SOIL_00558,601.8640620065025,26.32749052103155,173.64537234368063,2464.68505983518,12.513153376354282,5.156580630927769,Well
USGS_SOIL_00559,417.5039927982349,9.270856916187482,222.1031854842239,875.6206100456739,13.940922639440132,6.095910200476539,Moderate
USGS_SOIL_00560,599.0784506443241,15.131095347837087,148.23519316347995,1589.4147014709424,17.658042244474426,7.759658254927754,Poor
USGS_SOIL_00561,47.82227284743942,5.44567166686927,145.0307132329795,2019.827737380735,12.320375310646568,1.6156943648184623,Poor
USGS_SOIL_00562,1160.6298838780326,19.04774736411944,151.3226480699143,1699.6483113538725,12.1384183427863,8.695099081033582,Moderate
USGS_SOIL_00563,1330.2143548310523,16.051880548218932,155.63975696748875,894.6600804669824,13.222220353965678,8.173231690081668,Moderate
USGS_SOIL_00564,705.7244099432818,20.90917116037612,167.2732542775505,2409.2190710556806,18.523522129848946,7.96985723718857,Poor
USGS_SOIL_00565,881.4304185886483,1.129703387649057,193.1729333073492,602.7469361686077,7.927140051926785,1.1978443606096754,Moderate
USGS_SOIL_00566,799.2027326560129,16.070840962960702,148.59567737427878,2724.4415179804555,11.610063295942805,5.738669662693728,Poor
USGS_SOIL_00567,356.0822035813677,18.22784591877856,184.59568839996632,2862.530572258953,21.123551739912777,1.4884153365919317,Poor
USGS_SOIL_00568,1057.8778594350324,7.091365937162947,185.09007259475743,1160.16246001826,2.603364474340333,5.957853209625621,Moderate
USGS_SOIL_00569,1102.6351466511524,19.264127487726537,202.14703286954003,1190.9271924092602,14.490520562442894,7.466034936299702,Moderate
USGS_SOIL_00570,437.7049047135614,-3.377443809713178,171.569013988196,2255.506950859863,21.11973263241344,2.096652252325806,Well
USGS_SOIL_00571,848.9668261133893,13.978197272049693,213.28338499802388,1423.2369358008018,22.639946505606588,7.253947949295597,Well
USGS_SOIL_00572,671.1716166424069,26.299967786030347,194.76124824545516,182.9694164377821,18.197420471320967,5.045795613867765,Well
USGS_SOIL_00573,1106.97660187335,13.909050402833362,192.96719713528572,2767.642510258199,19.687352232185813,8.30397637610038,Well
USGS_SOIL_00574,725.1373332943973,9.247483489760215,157.97248240790526,1349.175991700712,11.205548295455138,5.80230045442271,Well
USGS_SOIL_00575,733.2621052458412,14.48283181371822,190.98253594639004,690.1357915669028,11.534176812491308,4.025093822511839,Poor
USGS_SOIL_00576,1296.2636458359548,15.792439018363364,194.09151529886623,1711.4258121314797,21.85665645560965,3.9879240708133774,Moderate
USGS_SOIL_00577,364.3753077586504,22.17082834100404,156.09642344377485,734.8278715148181,13.944637839769491,9.077378680068255,Poor
USGS_SOIL_00578,824.4151292359599,16.03909594019413,227.77129853447437,697.4637990766628,7.491739116437027,5.075844261266191,Well
USGS_SOIL_00579,776.595249473607,21.09623853749069,284.94023599352363,1682.6208494328348,16.673651657659732,4.651785074587789,Well
USGS_SOIL_00580,568.9157656856702,15.736419393294504,153.71476433827655,1234.0226473494604,14.236011312019077,1.35886260068124,Moderate
USGS_SOIL_00581,1361.9464008658506,9.005451132494137,161.19257962601463,1761.6805069343447,15.324526885159404,4.278921446038615,Poor
USGS_SOIL_00582,733.673419100293,3.785152539664781,162.19899850976248,2990.793766752597,5.47488749880684,8.646643494499823,Well
USGS_SOIL_00583,951.5319283838172,17.973465714291518,127.617496306307,2591.1526476752283,4.407170479248306,7.848888908793482,Well
USGS_SOIL_00584,994.3811949931904,-4.769873574994172,144.94837777066152,122.2453179403874,16.210237629769477,2.988218825169398,Well
USGS_SOIL_00585,653.7437005733933,0.8783852390154596,214.28911906608687,246.61155765843023,13.787477761007,4.717509608921529,Well
USGS_SOIL_00586,1122.5292748831102,3.815723589952425,176.7194584031649,1869.2303763806092,13.172550263361252,2.76921708473574,Poor
USGS_SOIL_00587,1062.160333582066,20.716977606704305,256.7606534472101,1916.1426352836645,16.561934425931113,9.58795135151236,Poor
USGS_SOIL_00588,713.3698829609549,3.0816575599952927,168.45983826311956,2646.7534478203806,11.884477305973896,6.383060906819821,Well
USGS_SOIL_00589,733.673419100293,18.761101415170412,196.654033056317,1924.2658061132947,13.93823688851194,7.789193132936938,Poor
USGS_SOIL_00590,1121.9807716904284,6.7441811346846325,143.82824640261288,760.3721616956527,13.204973312084071,7.424277847091012,Well
USGS_SOIL_00591,988.528520918714,13.8281346119217,175.5927481097487,1458.6970603405875,18.541783957566363,8.863204270510751,Moderate
USGS_SOIL_00592,499.434122801052,14.499171807668963,183.51284459415163,2446.057661946447,7.484502466023037,9.543950006909132,Moderate
USGS_SOIL_00593,722.2935821444997,13.7083805218575,95.83662491959072,2776.1923973352773,12.410587701949332,1.29201556398152,Moderate
USGS_SOIL_00594,892.6111301560753,9.826802512809246,147.0014999276212,787.0538450034564,19.35904678969941,9.77771061909957,Poor
USGS_SOIL_00595,825.6361504958204,2.4690132516704715,205.43721754739664,1664.853731538645,11.6514438485598,8.834882167952916,Well
USGS_SOIL_00596,526.4481585584517,15.214661898518363,203.3066973288242,560.8898954941678,15.47981172103876,4.446526678282867,Moderate
USGS_SOIL_00597,664.0309703005635,19.46123313026255,130.06498501704442,1541.299126889951,21.67776267506872,8.533623183013635,Moderate
USGS_SOIL_00598,855.5599859921462,20.43366024185748,165.5615269308937,361.3309501735532,15.633564030682056,7.629021840978545,Poor
USGS_SOIL_00599,297.2356243509976,15.654310403620576,85.21544017009134,2831.0114028563758,23.562011484000504,8.138029390207226,Poor
