Sample_ID,Latitude,Longitude,Soil_Depth_cm,pH,Ni_ppm,Co_ppm,Zn_ppm,Cu_ppm,Pb_ppm,Cd_ppm,Mn_ppm,Fe_ppm,Soil_OM_percent,Soil_Moisture_percent,Sand_percent,Silt_percent,Clay_percent,CEC_meq_per_100g,Annual_Rainfall_mm,Average_Temp_C,Growing_Season_days,Elevation_m,Solar_Radiation_MJ_m2,Wind_Speed_m_s,Soil_Drainage,Industrial_Proximity_km,Mining_Activity_History,Contamination_Source,Pollutant_Concentration_Index,Avg_Metal_ppm,Total_Metal_ppm,Max_Metal_ppm,Soil_Texture_Type,Drainage_Score,Mining_Activity_Score,Contamination_Source_Score,Rainfall_Normalized,Temp_Normalized,Environmental_Score,Contamination_Viability
USGS_SOIL_00004,28.74444737061848,-117.88248360506456,15,8.03385564801446,35.06093407651024,4.740321258479486,1713.282044456045,309.0234956617357,20.51193700369651,1.358913894682121,500.01531771362016,15393.416863111868,5.789930873642896,13.176429436790873,45.50459756100666,25.69003799780187,23.89393201726448,37.049197251807314,1256.5319620522166,9.54790209630836,168.08789041866763,2430.474634572453,22.523254841103267,9.219036053209104,Well,0.3929713696644885,Past,Agriculture,22.37725690852066,2247.1762283970797,17977.409827176638,15393.416863111868,Loam,3,1.0,2,0.8006321674296287,0.338269723239272,0.7129672968896337,0.2220138448258715
USGS_SOIL_00017,37.59415435917371,-108.66421875931498,10,6.352490559807875,51.07697279001236,1.6668380873331623,27.313143823648044,24.016657150712557,77.67752257978223,18.971569142507374,22.77927926768806,6296.220536181853,3.803955966290919,18.008677607050217,33.56193783801924,26.152079763959293,41.05908963741999,39.35637294748515,1214.1265262161803,4.486983503405631,99.24433056749542,2886.502167217742,11.166271578994484,4.641326497412945,Moderate,1.1340380646219554,,Agriculture,21.56631598174139,814.9653148779421,6519.722519023537,6296.220536181853,Clayey,2,,2,0.7712093274689493,0.19576131163876137,0.5445457685914591,0.210771755170022
USGS_SOIL_00025,43.844223073432325,-103.23409526538344,15,7.911156781982324,3.960646624546674,3.904996933241657,21.75638786682249,8.41813072687347,85.37526617352923,3.105787365204204,688.691877027966,1505.713515621307,8.914619256913529,11.144045748175008,60.10209194237346,29.702335116635982,14.329774378228016,5.675654585125333,852.2446874918161,7.834399519079583,152.28295328922476,1436.8413814107355,15.19594881407977,3.9518340267305128,Poor,4.7915429240518606,,Industrial,72.55651973308677,290.1158260424363,2320.9266083394905,1505.713515621307,Loam,1,,3,0.5201190788830595,0.2900198796443372,0.3811574306202434,0.6560336615866875
USGS_SOIL_00034,48.17516879378943,-118.6768513309532,10,4.110509399702496,80.13830310313955,10.749325896599942,22.11294270706618,500.0825494320021,0.6086732038688855,3.7428960567355447,80.11112660877914,8402.07426809741,7.080396394760079,28.269639059781003,40.22836175204478,33.18808339628256,22.9039656274615,28.00875638231321,733.673419100293,21.06332142518067,200.56582494762029,1718.7574823692971,10.848078377049642,7.864811387304206,Poor,0.3405256612433324,Current,Urban,30.63828938257044,1137.4525106382002,9099.620085105602,8402.07426809741,Loam,1,2.0,1,0.4378488843894132,0.6625278766450114,0.4779033647892526,0.30429626907543156
USGS_SOIL_00036,32.3107304601609,-93.57558127915364,10,6.470543301609978,30.744247875653528,3.0563160342678164,248.51546581633175,14.049599066167383,322.1896468608357,8.03190511794165,952.8345485039736,11886.727540403946,7.995550182912066,14.719283196846169,43.63102750966786,48.96123276254347,12.048632566596854,7.253120923026387,528.3103820331855,7.975627676274474,176.93756505530564,206.68785848460925,14.320491763927286,7.864883300090451,Well,2.630926762772553,Past,Mining,50.81848832868703,1683.2686587098897,13466.149269679117,11886.727540403946,Loam,3,1.0,4,0.2953585726089186,0.29399666764945065,0.5297850800861231,0.4814449390893528
USGS_SOIL_00037,27.34413073615321,-110.69424028555096,15,7.328734931625721,13.028684904388706,2.702193746667953,12.38491065611414,334.0909757448884,2.6693461188436376,0.4320361099487756,1997.359669685282,691.674485177343,7.166844317894362,25.3663469717179,55.96456252664419,16.39165021698921,29.22330604963848,8.488140345593703,474.7380566280799,9.692696605910095,143.33840630171912,2464.2861652711777,16.44687324001092,4.957557738971813,Well,6.336449739548337,,Urban,1.1702626810892625,381.79278776793456,3054.3423021434764,1997.359669685282,Loam,3,,1,0.2581876315340398,0.3423469347559234,0.5335115220966544,0.010219564678734385
USGS_SOIL_00038,41.42159263629176,-109.11464937398652,15,6.835871201096992,378.7259473564316,16.62489040098804,289.55719274818733,114.18637031482152,0.1991417868062901,0.382728679774259,38.89465095613199,5226.726780588329,6.627080646467055,21.89594277344484,43.05895028005493,18.905444445537803,35.205192333776694,19.664778985858085,1066.5236778808944,26.284701768225226,225.4531171777652,471.9398251492108,18.778940213379844,8.699945413919753,Poor,1.1390374399557583,,Urban,30.09755154104091,758.1622128539339,6065.297702831471,5226.726780588329,Loam,1,,1,0.6687956887764556,0.8095546674123828,0.6038945631740572,0.29411906779916036
USGS_SOIL_00041,36.88424584267048,-105.99732923059248,10,5.855891688312121,48.95054658644478,15.882713367740983,26.555316658754965,21.10320400814251,6.281600896139536,4.183405224540555,366.50608389414674,1398.1189423153528,6.665211472637624,31.999498306359623,51.59740970435138,27.574169637102063,18.03321346044813,13.568375902131526,735.722471964906,18.938872999807927,232.89109584732813,1354.1920012235894,4.289486944157,9.131852668244072,Moderate,1.473212024082882,Past,Urban,36.04593871067516,235.94772661890786,1887.581812951263,1398.1189423153528,Loam,2,1.0,1,0.43927061142317353,0.6027063709105297,0.5695478830001233,0.3498387250411673
USGS_SOIL_00046,32.481065826145866,-89.97804524031113,5,5.447012468289866,54.573529793121935,1.734342093418573,392.3179385707576,19.14870876705268,108.77864680274352,1.8462667188085768,66.8664286401326,2027.6021228069949,8.238885908443171,11.485657216114262,56.42529370657173,28.59724414449572,18.06099633515911,23.33909709399999,1336.3174439741508,14.953755060248474,169.27702363754685,2326.025842934211,12.898307907388798,1.485141547586298,Poor,4.826768780745646,Current,Unknown,87.17463771925573,334.1084980241288,2672.86798419303,2027.6021228069949,Loam,1,2.0,0,0.8559910010200106,0.4904910058177696,0.5599384467237044,0.7875920132293341
USGS_SOIL_00049,29.436506932612648,-95.59191026318562,5,8.5,273.4363758419796,2.17625403644872,57.84405579702594,34.317587276647686,5.889098149233807,2.709267482816238,3561.10053950692,1091.700487308492,3.4652184216003565,25.12280065134602,63.375508716043626,18.80749757779356,13.809755368874738,10.348203326139911,687.7333232522412,6.314309592877919,121.9979383394024,1245.6646434494262,14.870865210786182,9.300247311253376,Well,2.485723975024157,,Industrial,8.680457371463524,628.6467081749455,5029.173665399564,3561.10053950692,Loam,3,,3,0.40597353489078053,0.24721626664476723,0.551063267178516,0.08248912951415083
USGS_SOIL_00053,46.475856410263575,-81.01907102312452,15,7.842386565416662,274.3242411306159,3.076355965580305,9.077180527254598,125.62630285611058,1.5733290854689337,1.7078954854865942,2475.6565128357875,11081.313021500246,7.928134019355718,30.62803077972592,56.10635575098247,27.83581288361629,14.526062555878053,16.82488599933563,621.6397198140542,-2.279795414252714,158.1307036161897,1299.117848852764,15.113357939547528,8.675008089684052,Poor,1.992676279605808,Current,Unknown,58.44414641406359,1746.5443549233187,13972.35483938655,11081.313021500246,Loam,1,2.0,0,0.3601147557496921,0.005218251618066862,0.2328887802336974,0.5611494112924132
USGS_SOIL_00073,44.571074282916015,-94.05382801535498,20,8.5,91.5443447871987,9.378957472136502,20.809548242384487,219.3562535145634,110.83802058094206,9.4280241033686,396.34287329860496,1023.6207377847765,7.767086040534031,7.579212058376347,48.70674352988821,37.95863812341226,8.703395149474957,35.810194205470054,382.3666031023636,12.24297032389783,194.89601771757745,730.5266162892182,12.146197964743964,9.608944190273451,Poor,3.4510188247686435,Current,Unknown,67.83262046312632,235.1648449729969,1881.318759783975,1023.6207377847765,Loam,1,2.0,0,0.19409607250535366,0.41415908704120835,0.3138628309599651,0.631507874600936
USGS_SOIL_00079,27.780857428603117,-73.93507957225516,5,8.5,37.53934777636097,1.09432129468302,98.17753688889754,138.7243645950776,38.8296765455481,2.0453829452095245,607.8594499924202,7948.729984312592,5.71151758629262,21.635376670728952,33.52720424332775,30.954620413582965,36.93859315496763,11.294685194321971,845.8827885573987,17.310145869958333,164.06064570155627,2188.1496386518097,12.338789110282168,7.836335944641771,Well,3.759341768995321,Past,Agriculture,64.75189872990458,1109.1250080438485,8873.000064350788,7948.729984312592,Loam,3,1.0,2,0.5157049010659244,0.5568436857191448,0.6908495289283564,0.5988340837956286
USGS_SOIL_00081,39.95915504386139,-109.78373320434856,5,6.194629459846458,1.8453550870941884,96.75491368244722,203.15026399423292,49.79375830789843,222.67686384189903,4.9078400074885495,257.2768918028693,12863.849060206005,7.522362648666774,34.309131638787825,43.90834464464895,32.26931943800248,21.16493597461513,37.59754285222608,1118.78313295802,24.928158308662105,166.2537448236235,2113.7178122834694,20.7005971699018,8.018952271610619,Well,6.210228335281292,Current,Unknown,9.44838751789636,1712.5318683662417,13700.254946929934,12863.849060206005,Loam,3,2.0,0,0.7050557000899085,0.7713562948954832,0.8254706649951306,0.08274854640169199
USGS_SOIL_00085,32.804399728641926,-92.15098931217814,15,4.664089599856615,8.586444564803276,18.08767601102406,2.459891990907101,11.21806785401325,2.7798228140076,8.475424956394892,476.8336047657989,1808.5376691147253,9.000582915507945,32.16406076412247,55.4287140609579,24.791070960962365,19.310703167204043,9.225842344814527,968.031893485856,-2.465111820068472,161.7629805352669,1161.7566397438095,18.23818919830225,2.760829718974364,Poor,3.845130392279329,Current,Industrial,20.226087768401293,292.1223252589593,2336.9786020716742,1808.5376691147253,Loam,1,2.0,3,0.6004575629545226,0.0,0.3112636320959519,0.18670648872497514
USGS_SOIL_00108,30.49115597179894,-109.97620136893794,20,5.39670508611535,7.661903301068738,33.95355255130172,232.88114927908035,53.12063934166294,5.940309686738518,5.345859617739858,407.4792979185012,8439.048931449719,6.526470954294097,32.04960160138116,59.138582463346296,28.0192636985064,16.900069480756528,29.47826030066274,912.8129793736128,22.52396342594423,231.9641425621773,2224.66250308331,15.676138219459723,5.189632526159852,Poor,2.3224242245415194,,Unknown,51.11043065142845,1148.1789553932265,9185.431643145812,8439.048931449719,Loam,1,,0,0.5621441429720222,0.7036575189470463,0.5330449984174673,0.48736428605995913
USGS_SOIL_00118,46.421415963759465,-117.66646381435288,10,6.788073674735047,2.6374466048807643,1.635733455531429,236.9973379293168,448.869408320426,39.54257085398278,1.978509370342955,322.63757796043,599.513084322922,2.6951176624693964,30.09781337392853,44.07429721745649,36.50667628792086,19.178811412394943,34.03063239165826,885.7311116072829,14.558118038226588,195.1219743649912,1072.9916036300297,11.638056114195226,9.162193886466277,Poor,3.6739332330217818,Past,Urban,97.28577294847416,206.72645860222912,1653.811668817833,599.513084322922,Loam,1,1.0,1,0.5433534986733528,0.47935041887812524,0.45201241696160377,0.9013734426176194
USGS_SOIL_00123,27.64124618866424,-81.27388169188652,20,7.935053475191876,18.79450112170108,3.857483848950563,15.889000487470796,476.63149963528815,257.6450364341904,7.92830076074877,702.8716143639979,3500.811426310134,4.694618666641385,18.238634083998303,52.0897944609434,27.65492464854109,18.78384875493842,16.321356715567383,590.706640786456,21.966710410576127,189.31943280444136,521.300739166033,13.503690966411664,3.4070087295587053,Moderate,0.487955415885397,Current,Mining,59.04372807789149,623.0536078703102,4984.428862962482,3500.811426310134,Loam,2,2.0,4,0.3386519641104507,0.6879660509611613,0.5644282272460929,0.5846751394009805
USGS_SOIL_00131,30.330587451297525,-76.94009150634847,10,8.5,55.23297155040088,4.329310705401224,678.1880375234263,255.4813996602265,20.60313449314166,1.0375463431000478,3079.228864987245,3335.0007916510785,9.57299559428366,33.283160033158296,49.25134650438257,37.013898938095,15.825866741607427,17.468688858065434,606.1868436775769,13.232213424219596,188.3709265720337,212.11926153304145,18.42902173057412,8.109789220556204,Well,11.1906837923123,,Urban,71.17215917272375,928.6377571142525,7429.10205691402,3335.0007916510785,Loam,3,,1,0.3493928402091049,0.44201479353514783,0.5971358779147509,0.5524285661036233
USGS_SOIL_00149,31.687515141678677,-88.16995824107447,15,7.2120473493199295,70.61888280569337,1.6758375411685642,3.5267166863470467,71.03092014104307,19.3705536407287,1.6682214105228557,537.7338144046239,1246.2691835063094,7.886463829989471,28.19912120343126,62.12539324498562,22.291863693859103,17.039820273302045,29.681614262107413,891.4356231563942,18.70445323956902,205.5217548998679,1881.5641820958936,16.65046115899675,4.50337116683593,Moderate,4.929486098247503,Past,Industrial,41.13407904150217,243.98676626705463,1951.894130136437,1246.2691835063094,Loam,2,1.0,3,0.5473115509148703,0.5961054372922202,0.6033612182912523,0.3707868162551619
USGS_SOIL_00152,28.477476930189358,-87.96522486878635,5,8.5,172.17165659413348,27.75249519191813,81.31093470436373,104.54470724592176,108.90437208039606,12.091932736764877,1730.9206582667157,5306.586745594235,9.188235181573551,15.832989218794005,46.72991553318314,36.621687539475,19.35045452691624,22.896359028139425,1543.8692769793545,23.42463850873693,176.7460515235525,1224.6679735717005,18.94370326835115,5.886226093099152,Moderate,3.3812363045300966,Past,Agriculture,81.92850407420221,943.0354378018061,7544.283502414449,5306.586745594235,Loam,2,1.0,2,1.0,0.7290192735496485,0.798561980072105,0.7638811142717152
USGS_SOIL_00158,30.70330105581759,-72.2603375999935,20,5.585731696761076,40.33990294293652,8.630483716787168,1208.8372822329377,49.883061149327766,59.032527058666766,22.676676016149376,103.612354109765,5781.145417771884,6.148881942861319,14.855271630135894,42.00509420861069,34.9576557301551,22.30520033232204,27.378681006605056,540.7169882545545,20.77599873424661,130.17502601654758,1119.2188309285814,17.15018321022628,3.297304174318896,Poor,1.9026587681772813,Past,Mining,94.78627716349608,909.2697131248068,7274.157704998454,5781.145417771884,Loam,1,1.0,4,0.30396684610286295,0.654437270256041,0.43057914989741247,0.9117935833653593
USGS_SOIL_00165,45.04725989414171,-91.37650859259232,20,3.536800150469193,10.434396818244126,25.129233025465915,651.5188331074168,169.4198804021912,288.6876205384997,2.45596330853506,265.7482401391968,1171.7882233403448,7.681257470298542,14.078668552456662,77.0812526962967,22.289578428587955,5.170142070247014,26.23910001198066,276.7918178420512,8.431744480418647,175.5539819934247,1563.276208401964,7.695593919133128,6.657444334569095,Well,13.937241066207944,Current,Agriculture,75.4427029159928,323.14779883498676,2585.182390679894,1171.7882233403448,Sandy,3,2.0,2,0.12084343521120962,0.3068402809322333,0.47589457204781427,0.5441344017146278
USGS_SOIL_00166,32.69872155932166,-80.01493754129926,20,5.090996909271869,0.5743492943812075,22.877221831202935,3.25856796713762,147.6726123536169,15.302819870367683,2.616267270939653,3561.540664772823,12163.223026585418,6.804534277927826,23.369401545407666,32.030630564890075,40.008204977684144,23.69723276847742,35.12549957858296,765.7368801610206,22.600258369336125,85.30169147849912,493.6581349103318,18.293535716363515,7.5733269326916,Moderate,3.570880622309428,Current,Industrial,23.21389523653328,1989.6331912432358,15917.065529945887,12163.223026585418,Loam,2,2.0,3,0.46009598702557003,0.7058058781819048,0.6108561772913804,0.21556014263164125
USGS_SOIL_00171,25.39810789426855,-75.05931478766342,5,8.328142777545974,133.4942761747638,3.0356583037508087,137.66988889569956,17.72340288705184,5.6032898226990895,0.3231933198278297,216.2083249174985,1545.5126903188673,6.36379632910225,11.134001605927264,36.390101609416014,38.51409936762654,28.97762666634695,7.435362424025266,805.3528338905588,10.368072865154812,101.85125313755736,908.6665372516178,13.203876388564304,6.168528678045816,Well,13.44460931710436,Past,Urban,31.487772591774977,257.44634058001986,2059.570724640159,1545.5126903188673,Loam,3,1.0,1,0.4875833561209099,0.3613645886009453,0.6163159815739517,0.23020956576530152
USGS_SOIL_00178,47.48151972968163,-82.5178443437816,20,5.917734772188156,385.45150402326607,1.88028607972268,382.5823017405573,36.85781160998849,1.0896693760859038,14.57371802608109,104.72659962594554,3141.9363454118943,7.911950663421385,9.163276523378922,51.61640083178814,22.851927410085292,30.25106718498908,32.09600250080252,627.7255717208911,3.3820516323335283,170.97761021222306,2875.983273303679,14.6783124065487,9.330972186888022,Well,0.8746039089672284,,Urban,51.200085661415976,508.6372794866927,4069.0982358935416,3141.9363454118943,Loam,3,,1,0.36433739945441945,0.16464797065475792,0.5096617900363924,0.5030448976023735
USGS_SOIL_00179,28.30050265950384,-87.17228965976746,10,6.755624333563231,65.12898422020545,13.228864760882637,86.89650546767483,7.714677018907731,25.24855973669019,0.8351993268575949,2775.7963439476925,9385.894856557768,7.152166431978676,14.0009144178649,46.25159396281931,47.94524848392212,4.882372131027637,6.064781003764948,733.673419100293,11.14587151006037,228.63536752534384,1511.189567675778,7.054076532092948,2.2693240984168197,Moderate,3.5757985232932348,Past,Agriculture,90.56796353769808,1545.092998879585,12360.74399103668,9385.894856557768,Loam,2,1.0,2,0.4378488843894132,0.38326631402801764,0.49592728836136585,0.8409090773218256
USGS_SOIL_00191,46.53317819087984,-90.41243991100896,10,3.7970293436299705,529.2488310310501,0.7262314032323882,70.92234876029701,112.9077197766447,48.69070954790495,20.161188396843052,1224.065593789882,1032.2921852080435,7.597499617337666,15.269218544825591,37.548942573061446,39.4563342756763,20.846163068192983,17.15083938860024,1173.1798248029352,8.395185092546171,228.57051704831312,1633.792502942346,13.530091191193389,7.370786827024949,Moderate,0.0496436689743167,Past,Industrial,63.253376880443966,379.87685098923725,3039.014807913898,1224.065593789882,Loam,2,1.0,3,0.7427986244812956,0.3058108195411531,0.5717587035630385,0.6319057428637677
USGS_SOIL_00203,46.5653005246499,-89.20381226341149,5,5.040396588677667,174.40637325667197,17.869147698883975,36.99561017452467,248.94895241964244,384.4697727749021,6.493858808717596,2039.523049334425,473.8913461109605,6.178051935036227,11.421573686823026,51.19369319834841,31.24384766907714,18.334357936080277,7.435714658870814,430.0991190235607,21.837147378742586,144.25655289151337,491.0190392114138,8.901597155118768,4.227616949546746,Well,6.614608820712196,,Industrial,21.18665397323024,422.824763822341,3382.598110578728,2039.523049334425,Loam,3,,3,0.22721508541445987,0.6843177366226066,0.6371776073456888,0.18383825408176124
USGS_SOIL_00207,40.92404245859334,-70.3914577385002,5,5.100098061390206,41.58369275877168,32.35292268887891,203.5897581929776,536.7930782438217,47.38627472529943,17.16880202509064,1876.9959195858264,2477.9894426856586,7.503508270247284,8.481603781537068,41.709605693247546,32.09686063574488,22.68128453228094,24.77562191171387,317.13073669912274,11.185991663253514,142.42322586524148,1044.3806108683802,20.07651185391684,9.106114483180155,Poor,7.424636751055486,Past,Mining,40.656150342365926,654.2324863632906,5233.859890906325,2477.9894426856586,Loam,1,1.0,4,0.14883243073309568,0.38439604160607865,0.28885393522416924,0.3461900738259858
USGS_SOIL_00208,25.121478012309247,-98.4004770871562,10,5.835076623212735,38.44255677797922,44.15369762616364,122.33371263866796,193.16106847283316,13.32345381855974,3.147640394088829,1001.9242214008592,2454.440764234705,6.519998152423106,5.693205583624408,44.27553356880183,34.575419340047816,17.097154981011144,21.38792414324213,801.0185167517456,23.54672753618612,161.23135007190965,2952.2187930690925,17.922311477768602,1.279279292904509,Poor,6.483561109540716,Past,Industrial,6.269563888638407,483.8658894204821,3870.927115363857,2454.440764234705,Loam,1,1.0,3,0.48457600772323683,0.73245713034506,0.5167888238005434,0.05456581876595271
USGS_SOIL_00209,28.85939323401997,-118.31895529539544,20,5.172795928959649,420.2232738206284,8.56829827370883,64.59042268227665,27.531385924205416,66.81232066688561,25.618292680724636,148.81167974564903,5044.708945234748,9.344336709914703,6.533949143200916,61.10188496157866,34.33747609348535,7.780309151050368,36.091403514591775,385.1189886505395,11.885398557025388,135.88283114877038,695.727444126262,23.87890088650196,3.4425161538968823,Poor,2.239962929092953,Current,Agriculture,87.49499914902802,725.8580773786033,5806.864619028826,5044.708945234748,Loam,1,2.0,2,0.19600580407390047,0.4040903646156708,0.3111431673409682,0.8357528805753117
USGS_SOIL_00215,30.6939780999232,-94.38855462956175,20,6.186014484272201,27.130723234917323,2.298023627955684,32.95455612514896,141.80711776881745,142.9952105163274,0.8619122687601117,35.303853288593615,2173.362163864659,4.119466373067639,20.26628754228004,39.01550675394368,34.33541610472529,31.63630768710206,35.26372134049777,806.5843968640883,15.82641884935379,226.23646903776927,687.2472438518756,12.538083318377968,1.3004263300115326,Well,2.197553950406858,Past,Agriculture,33.7041688488145,319.58919508689746,2556.7135606951797,2173.362163864659,Loam,3,1.0,2,0.4884378711036533,0.5150640014437183,0.6678339575157906,0.3222283426083665
USGS_SOIL_00221,38.63940648005132,-124.72671064272843,15,5.768132887781446,4.557103860217943,21.839904835141454,421.6961756686876,39.53894196959647,61.38353751194242,12.994104202905817,3085.8574299553065,2066.19980712982,9.468077330544087,18.64880952179033,49.39090652482205,32.38498925673054,21.96188678315389,35.56793038772965,649.3068047137854,-1.201500804897691,208.30863627188373,2634.088838324686,14.084815925928313,4.630875569042997,Poor,3.4005792968768183,Past,Unknown,84.01261599122508,714.2583756417023,5714.067005133618,3085.8574299553065,Loam,1,1.0,0,0.3793114505869031,0.035581524450013585,0.24940876945675003,0.7829878473890063
USGS_SOIL_00224,31.36485682436141,-93.29365942666254,20,7.613143058013961,303.5739024985409,63.09893243080492,31.174540178344184,140.18903778036852,14.977512091453024,8.826961375622169,3832.46981432828,2770.222692607205,8.279952371603938,23.087264342740568,58.05211203837356,16.353236740994582,25.421096815399103,7.815512007326699,411.95730791774,12.938181340541204,182.7681601294122,2989.187546629292,14.615881213609338,3.70431103317816,Moderate,7.24602858840317,Current,Mining,55.61700680497535,895.5666741613272,7164.533393290618,3832.46981432828,Loam,2,2.0,4,0.21462746323254547,0.43373526000078944,0.4383431299666672,0.4755695837877004
USGS_SOIL_00238,40.49133510177202,-90.74528733359544,10,8.300620861916638,40.71023214480969,73.70852282505743,70.48231971090782,13.607567620498276,312.3426762627289,11.818232041132674,788.4678153066319,2082.6905972971563,6.4422846709341925,9.940107875219152,51.80952141340181,33.58917583740659,15.761858352615675,8.554481120021258,737.1914314160002,8.818878050462294,184.6333656381842,1605.8227889961709,16.37503771138024,7.026374949193857,Well,6.826202318757943,,Mining,52.01794018985208,424.22849540111537,3393.827963208923,2082.6905972971563,Loam,3,,4,0.44028984299068735,0.3177414225197553,0.5860104218368142,0.4491624051103247
USGS_SOIL_00247,48.19971565704808,-66.18441914108911,15,8.5,12.54397491791078,0.4455930953569315,780.8504324281075,2.8587751346528982,22.356180177888675,8.047244907228881,376.9567220293134,3480.8262334668343,8.437129630794672,31.148505389865505,67.92766117267125,16.18230811432296,17.92322622552584,11.140923956892935,1386.4314216136554,29.918787722963287,172.57663197590054,1494.3570889606212,12.954269716749554,1.9057995488076624,Poor,0.4586161864696091,Current,Agriculture,1.4367359183389603,585.6106445196617,4684.885156157294,3480.8262334668343,Loam,1,2.0,2,0.8907623815001322,0.9118854612243432,0.711993725352603,0.0142355771138231
USGS_SOIL_00258,38.68146808214476,-91.67437313750564,15,8.5,171.3575748751203,24.18954722309688,34.10326333335868,35.29398279049423,23.771111142502765,5.399951645749381,1194.5792276334405,2167.4949634360705,6.514811867197138,28.97797897879904,50.9883741290336,25.99880338698869,24.1697263295098,8.403897554943633,1359.7514937063463,14.360308679140406,198.05329462846012,502.34364261825976,10.095856317250504,8.392619291638665,Poor,9.24058277960059,Past,Agriculture,93.3747635249732,457.0237027599792,3656.1896220798335,2167.4949634360705,Loam,1,1.0,2,0.8722506215452417,0.47378038311374465,0.5597881126641066,0.7611801888741031
USGS_SOIL_00265,42.7784468261009,-91.98122045281514,5,3.550465115935997,76.01488531806908,3.3480166801539184,20.578633282155547,434.74022271785327,5.818177612549927,1.0187593891694595,574.621707554811,2011.4924704834723,7.535139080413406,17.865630839199156,64.86066269936128,24.53735990822535,14.348195993873627,38.242977371170106,959.475281071658,29.325671020447537,175.55506505972045,651.6400418764086,13.377500793287656,9.53724825669701,Moderate,4.33308250235987,Current,Agriculture,36.10596982781952,390.95410912977934,3127.6328730382347,2011.4924704834723,Loam,2,2.0,2,0.5945205920755542,0.8951841218098373,0.7187904601840193,0.3297696690598636
USGS_SOIL_00267,41.85961801569062,-114.266240300779,20,4.845187451417475,507.8080060482752,34.70399842874253,1806.6648687230324,145.48841702088205,9.778799569130776,2.6424035927201373,2775.863740060043,4782.161222010878,6.108824725098651,16.154089738236074,60.90756889300924,28.925551182057507,12.84933423488728,7.868907215772168,869.7083325180234,17.407974880825506,181.7553214804377,2870.6939128291856,20.0962761934642,8.343324919197787,Well,0.3261562152399452,,Unknown,99.70920176102486,1258.138931931713,10065.111455453703,4782.161222010878,Loam,3,,0,0.5322361582764413,0.5595984142711277,0.6972781908491896,0.9905878624360541
USGS_SOIL_00272,45.80973564592249,-87.00402694889807,10,7.790710232539618,128.69483540340158,16.377990625216047,17.43178323423257,349.9324870289607,67.22408878039941,10.774699555734848,834.7268719888308,2390.268832843524,9.198505071629432,15.48455546924303,64.68889616430444,23.28692408628914,8.550493334113984,30.539038202800683,395.5998057803792,14.64212256720489,217.00496740487176,1938.3193584395256,11.052261545557013,7.635218395274897,Well,14.995523846460138,,Mining,48.50526680954727,476.92894868253745,3815.4315894602996,2390.268832843524,Loam,3,,4,0.20327787660395952,0.48171586929432736,0.5616645819660956,0.3395802910711772
USGS_SOIL_00290,25.732005998537183,-82.38625102051611,20,6.963249518898445,241.0915836387475,3.1216625540348617,495.9598625353543,28.80474552360418,18.339590445030808,10.74968416350328,510.72503278164544,1504.7186925893448,7.580231828971916,6.33185794907981,62.13887942184948,33.24345711194924,7.437393485975868,29.12690404714116,1150.5085995820982,12.361578574436496,165.9803676536588,2060.703465437059,4.355137074245148,1.0384768195190317,Poor,0.8900495308259224,,Unknown,47.54838061832868,351.68885677890813,2813.510854231265,1504.7186925893448,Loam,1,,0,0.727068286654692,0.41749893001174826,0.49263351666659116,0.46701972341111164
USGS_SOIL_00302,37.97524291864256,-114.29530932970196,20,6.186465114070963,110.25950567360388,29.839777753836035,24.307167118621454,65.9388648914117,203.89182797439608,2.9972856679450324,672.5281855090496,2466.5975952136746,8.043953472346182,14.684434931415298,61.74733484019762,23.85055897483957,13.38907771787305,32.307942081626315,102.62717075484204,16.437566149736565,197.6774355192349,2833.673824791026,15.19719310263763,1.002578269536193,Moderate,3.4870622774870035,,Urban,10.41707266620383,447.0450262253173,3576.3602098025385,2466.5975952136746,Loam,2,,1,0.0,0.5322730573557471,0.39964657467413794,0.09690573043480624
USGS_SOIL_00306,37.391208359228685,-76.77082985743198,5,8.5,0.6771442984096171,43.478271997697725,25.61950167463138,111.18989142719548,206.4674552636012,4.653757876173915,1883.4958989747645,3255.184039944188,7.249924866701995,31.43592018666923,60.069052050580304,18.30684734913531,18.546131699072752,22.54314543374428,663.113091837711,19.697589518588444,231.3444293194117,217.94885327333327,15.291431280607805,6.7580796588992165,Poor,11.664021832792834,,Unknown,13.370268210966996,691.3457451820827,5530.765961456662,3255.184039944188,Loam,1,,0,0.38889088700795843,0.6240707702703829,0.4487649968705582,0.10251246204506695
USGS_SOIL_00311,26.882953152214384,-109.1842451914503,15,5.585325643520926,505.2408767666799,29.16705592560342,25.89572297821004,85.83426646985396,450.7308370654352,3.44318411185018,712.6636572154056,7260.374955644284,8.923482464895988,22.433187340936893,51.08432520687304,21.453753582449345,28.79667571462136,11.34640496365096,485.8745964073842,10.482829203663444,192.0547790994812,254.14684776753103,10.476966575423948,2.693884388089109,Well,4.88900310797824,,Urban,65.9519954669955,1134.1688195221652,9073.350556177322,7260.374955644284,Loam,3,,1,0.2659146745694932,0.36459596709908787,0.5435035472228603,0.5950320525068534
USGS_SOIL_00317,29.1590636817003,-69.04125488923276,15,7.129298665860541,476.7498772003435,1.165087093924584,194.142610465052,98.37705099743442,174.48109799741937,15.558244303051492,5002.641894026564,2391.7155563050114,9.56454565885482,7.963071541962537,61.00925717546357,23.77328233447617,19.026490514501845,13.354528164464249,866.4101065031374,22.21500499946585,230.63231759369523,2210.9169110265198,15.628696769776326,1.4453037194872538,Moderate,7.204672619804792,Current,Agriculture,36.65617198714902,1044.3539272986002,8354.831418388801,5002.641894026564,Loam,2,2.0,2,0.5299476975101055,0.6949576804098739,0.6305240148622153,0.3137425761389566
USGS_SOIL_00318,28.754489024106064,-79.9472581445741,15,5.16876173329685,42.47844215275094,14.055535432661264,174.0244357591948,5.74126232945236,3.632455536986532,6.694767276974631,1140.9407982727882,698.5184181619186,7.448012538323959,17.47749598798148,41.38097212724914,35.02546246454182,23.26476846855956,12.929384698420192,817.2729111221096,12.67935146092332,180.75193258237917,2909.928060472039,15.55593803416462,8.933817682105134,Well,10.146618706997492,Current,Urban,72.88702930971634,260.76076436534095,2086.0861149227276,1140.9407982727882,Loam,3,2.0,1,0.49585405344516215,0.4264469714535634,0.6407670082995752,0.580958914078875
USGS_SOIL_00319,31.00582955595029,-116.7333226297793,10,5.843812549514884,24.280154350299814,8.205688849614683,449.490869992626,48.71324467925579,297.9735708449508,26.40850924296639,314.8351461626972,3191.001256226556,6.974222712843679,14.16144445905391,44.96332073389367,42.12090719322736,12.773655113767129,18.830218797417288,576.3112135372389,7.579715134010481,157.23107161462798,1751.790577570969,6.421907899958617,4.089247217250332,Moderate,0.10183698254272,Current,Mining,42.71560411496744,545.1135550436209,4360.908440348967,3191.001256226556,Loam,2,2.0,4,0.3286637551988144,0.2828483224439213,0.4260595814364674,0.4262860355035629
USGS_SOIL_00338,36.3801718980958,-118.05268610948168,20,8.036093788717194,3.330872298435162,30.97266327045623,14.78035565967617,132.54806262992156,0.8999470489341423,1.7856154654872716,568.2425991158211,1966.231622544922,7.892213988104766,29.52494769577,33.76973322437096,45.08918894266903,23.119564795067493,9.832927981070316,677.0020519878823,2.2328366030863283,170.61457963752142,2460.468873024997,19.959727619329183,7.025238089304453,Well,10.47942515099334,Current,Agriculture,74.08626299617734,339.8489672542067,2718.7917380336535,1966.231622544922,Loam,3,2.0,2,0.3985276857735419,0.13228767767649846,0.5102717878166801,0.5855863404047239
USGS_SOIL_00340,36.79878100280398,-108.83074197945484,10,7.667541614249957,107.50497730156196,21.76303266415199,292.1027875756337,27.390877094096705,7.95816765183041,15.402391502116094,640.1860307236459,2284.906461805625,8.127982678939933,19.875200933120723,71.9966358678287,15.806156442039594,10.027504270724588,8.99401650153725,576.6974081653964,15.838423092853342,140.7225397515668,590.7261104045247,19.16484946653409,5.706590096666064,Poor,1.8098623922817056,,Mining,66.97481176878239,424.6518407898327,3397.2147263186616,2284.906461805625,Sandy,1,,4,0.3289317147779091,0.5154020242042475,0.39255569077182995,0.6455050790777307
USGS_SOIL_00347,26.08729623452907,-71.8989001309618,5,7.932957812855766,172.27731347098046,12.627217015432787,305.91953886602204,7.022336411417336,72.10407689581697,4.736483894157492,1041.2702806254083,8336.265759135553,4.455277994133279,18.317500941396197,58.714993099425385,19.168115533339503,19.353475414691538,21.01693214063044,275.3021330230344,30.25824137001147,228.1992393015917,2960.16404720304,16.29271151806482,9.688995881896153,Poor,3.2897626568799483,Past,Agriculture,92.47686864359017,1244.0278757893484,9952.223006314787,8336.265759135553,Loam,1,1.0,2,0.11980982343107699,0.921444002656066,0.4581957198068254,0.8639232966181267
USGS_SOIL_00350,37.07527020592211,-89.56950523441445,20,4.787466328799742,20.503483451955237,3.5692553945678327,13.960776921083768,6.9280091564746105,5.277285739481925,2.5173895461125086,757.8797414298946,2387.215303636513,8.972435142959496,31.880850959749797,63.14908819763269,21.63805149295829,17.92988470502097,10.010764772215271,861.2314041025478,18.079795003471897,195.100823192148,1167.6741901687335,19.3796891272096,1.7652539471981448,Well,0.6195841633265583,Past,Agriculture,31.26625433459104,399.7314056595104,3197.8512452760833,2387.215303636513,Loam,3,1.0,2,0.5263544758173563,0.5785159322675365,0.701623469361631,0.30878812813945977
USGS_SOIL_00355,40.41806267695158,-102.39482683327964,15,6.3173787374250745,21.67621508436952,0.5220250198623079,341.3444470789533,57.57269309411548,8.644647517088787,8.358094702859288,351.20376883931465,7041.7225290723145,9.170172102293272,23.65645891671181,43.228319145126,35.6563290188672,17.775041085069326,19.82334323053579,274.38198135631626,18.38287193588571,162.1045030710394,2508.332812245148,21.042347099230227,8.786717318349503,Well,0.7303765975135991,Past,Mining,26.23118420459759,978.8805525511098,7831.044420408878,7041.7225290723145,Loam,3,1.0,4,0.11917137992270034,0.5870501561318795,0.5687405120181933,0.2584801134323546
USGS_SOIL_00369,26.66467122100397,-96.91302627025313,5,4.820573850066483,198.8864992086345,5.882849462226623,788.003595488208,87.84790951329019,16.580590323568803,5.039932099391193,614.7664239392346,3406.209097805714,6.877416611216024,5.9635926820344345,57.48665760198412,23.11305566554765,24.0640983284368,32.65383292934831,733.673419100293,1.777844162055633,183.1127021633313,590.1039046368589,20.44520876476395,8.973096615061745,Poor,0.8072432107026228,Current,Mining,86.3007881499201,640.4021122300335,5123.216897840268,3406.209097805714,Loam,1,2.0,4,0.4378488843894132,0.11947572489139473,0.2968859808713804,0.8490747364367393
USGS_SOIL_00394,33.17928496607243,-103.70254008053844,20,6.16028166214771,5.650270514525916,10.903443443438656,45.257897434763926,26.33668188523874,38.74884062782131,1.5791008702788327,495.8741147214177,246.52321695348363,4.828848315039506,33.20948459717793,48.97696204500996,15.097524767009531,33.16283961816596,33.5077788845686,733.673419100293,23.17768914151335,183.1599949100928,1761.051898131281,7.087934115826284,5.256476771875434,Well,7.25798641634638,Past,Mining,90.99410533923688,108.85919580637108,870.8735664509686,495.8741147214177,Loam,3,1.0,4,0.4378488843894132,0.722065523667535,0.7199714693523159,0.7778542572884143
USGS_SOIL_00399,43.10902897803238,-98.6856593954806,5,6.093314598436147,148.98474368171628,31.002468670613453,20.91690221523239,89.86116530740448,145.4346571126755,1.154636440875267,2391.801956595149,493.2334333661851,9.658987038363655,21.41084439273343,46.38913544016424,38.39944539742028,15.24401822058622,34.17626455408841,630.9132587419856,19.029840715716382,156.87910368230865,677.7566837023272,15.979031210240386,9.534417848093534,Poor,1.3016720027371076,Past,Unknown,67.51624290976669,415.2987454237314,3322.3899633898513,2391.801956595149,Loam,1,1.0,0,0.3665491631874712,0.6052678949625506,0.4350501304944517,0.6575856284725387
USGS_SOIL_00406,34.34084028961992,-84.1556826934467,5,6.600486075837308,12.685460306030762,11.583493990667604,51.844074585344586,109.70292009357186,207.3573344075267,2.449089829352826,1702.157781943054,2218.080946663696,9.30421138869474,25.28701205121432,57.52850350551008,16.67550219001795,30.160704202039177,32.06872786200703,910.4235967163312,19.631479467153863,232.72027053848376,2646.7993552578464,22.800351338012483,9.516852510522916,Poor,7.414728971538408,,Agriculture,12.2887789461389,539.4826377274055,4315.861101819244,2218.080946663696,Loam,1,,2,0.5604862794895703,0.6222092033931796,0.5053429387386944,0.10466419640603553
USGS_SOIL_00409,27.190880242867205,-96.12392714505472,20,5.706420983980558,126.39919006813244,9.072974184360923,192.89198565759963,525.8579595940436,45.85428617744463,1.1575722618003157,58.2606090274051,1786.18076063602,6.801930044176503,30.216076398475813,53.22474226181822,30.061314504352268,14.953091914532727,20.04361943494837,995.9070335074326,20.90457174169876,218.71982286673696,2074.0259286336723,9.15103056383671,1.068947802013951,Well,1.7365299216980148,Past,Agriculture,38.10807706423057,343.2094172008508,2745.6753376068064,1786.18076063602,Loam,3,1.0,2,0.6197986159956376,0.658057706888316,0.7592854409613179,0.3678456074262237
USGS_SOIL_00414,40.164093092075184,-83.37106482157438,20,7.199644973650289,12.14287741696424,5.831471554816397,5.127830225685187,117.80966547228115,11.601752439108704,8.667841722674643,1055.7586144398952,2425.98186762524,6.68588177864915,6.261343882278341,56.30402793584842,30.490947313056715,13.490683398899575,6.417524026867183,716.461396350503,8.158659909573519,189.3191057942784,1205.0802256781417,17.668509454672076,1.3542345162888294,Well,0.8302480496826082,Current,Unknown,13.862106336748967,455.36524011208314,3642.921920896665,2425.98186762524,Loam,3,2.0,0,0.42590639209373726,0.29915060015405953,0.5750189974159322,0.1363192660173739
USGS_SOIL_00419,43.05698870650432,-122.99718726343788,10,5.2846213444784285,55.27052254510345,25.007162332306542,34.586228935281035,12.435449216131117,199.71876763000796,4.566912410102376,1894.9752281128983,3250.9497320663945,7.96648512640361,23.8310124080222,52.02764362014004,29.67125514847566,15.729242849480652,32.994030891746554,484.7491794918094,9.284243242791987,127.7668309531338,2886.15128301314,16.918327377952515,1.543109548616929,Poor,0.9030424658906316,Current,Industrial,86.3306166977948,684.6887504060282,5477.510003248226,3250.9497320663945,Loam,1,2.0,3,0.2651338085992899,0.330845457519661,0.30977086648409474,0.8477141243810209
USGS_SOIL_00424,26.38141024039946,-69.28827714230741,10,7.143224750495859,1.0188235299505335,5.86613285263308,1355.3308167451949,98.35773810919692,31.852937177646837,15.61945216563383,540.7064352441303,5051.008617425187,9.041817432307283,25.57563477204476,41.12185900485361,37.636681497189954,19.599355209148268,30.693744330839436,458.73513835684565,4.308876073215826,250.75851434502977,2869.160812425896,12.992896998365495,9.726955828774893,Poor,3.538398151468523,,Urban,97.9940238572446,887.4701191561967,7099.7609532495735,5051.008617425187,Loam,1,,1,0.24708407148530126,0.1907460547235064,0.257054486514047,0.9105918639981586
USGS_SOIL_00426,35.59673203296105,-74.13948359163051,10,6.7646623329158375,4.207535673469072,3.8382091886687233,29.007821801606248,161.58618445634437,281.104843140289,2.8785096373162222,566.5372286258214,2894.9459488556367,7.57731564330647,11.486986831729736,48.29617829568424,25.73400363713963,21.42158436632192,38.92347456603133,1017.164637513663,14.955741324067237,192.70095048997024,2126.9329367088567,17.540987633553648,5.639217121144075,Well,7.951866709308124,Current,Mining,47.03963528439723,493.013285172394,3944.106281379152,2894.9459488556367,Loam,3,2.0,4,0.6345481184660566,0.49054693623764006,0.7083650182345655,0.3955857708767735
USGS_SOIL_00431,43.27625516121933,-89.82007716955887,10,3.5,125.45044235442391,5.279679633149767,29.795313382459884,31.37395263916055,63.63945840875424,4.265028126264832,15.48919438242799,2967.381044541831,9.294751642416983,30.15013461780156,55.82636920516259,26.095908135783667,22.2553441660084,8.481155910826645,742.4015548019489,10.50614910025044,206.19656178600977,151.37323757601084,11.597939055805744,7.143147282760878,Poor,3.4951616917264623,Current,Urban,62.56420685518778,405.33426418355907,3242.6741134684726,2967.381044541831,Loam,1,2.0,1,0.44390486600690854,0.36525262287418003,0.38083027407147396,0.5819076647371773
USGS_SOIL_00450,43.65152598225848,-73.39260131163223,20,6.062283096626684,5.750380800869131,10.225157715484082,38.47974359404535,69.1452499849595,50.5068678998113,5.096754162091357,3480.1349755031647,5051.210808602093,4.39398290479267,20.27634755738128,57.271019719533854,20.01429613517561,20.66291873495197,10.09487155283754,600.8155039648632,15.669049620713563,145.82581971749752,2969.6943948419985,13.674495635399197,1.6165612503190538,Well,8.81735907563074,,Urban,95.6419622177728,1088.8187422828148,8710.549938262518,5051.210808602093,Loam,3,,1,0.3456659578973019,0.510632703370723,0.618766220422675,0.7877577174633258
USGS_SOIL_00453,46.752505242273664,-77.87178908935374,10,6.383244204480797,24.19721153991848,7.524285461342917,28.103029735613447,91.64184726938085,17.77381606610251,7.236814490414851,188.15527488897968,4437.13898773283,4.860677013696242,33.59532614789418,46.58161161851249,28.257329655330743,24.19667746438092,19.00523438670458,795.4049257357041,22.617948743111256,232.34986235864568,1463.9390940833405,14.059881985678336,3.769786396579545,Well,13.512033936453864,Current,Unknown,7.538425464375519,600.2214083980729,4801.771267184583,4437.13898773283,Loam,3,2.0,0,0.4806810403254643,0.7063040144433432,0.7289950182562692,0.05501236250334118
USGS_SOIL_00481,41.697968535630814,-119.72475086357667,5,8.5,156.3259678731494,1.25236802087362,43.45625804454251,227.1033606637172,56.34600888454829,1.6308165557788232,110.51630946944248,2555.7060971471483,4.117333663057849,32.52277558413503,53.56597591858979,35.99084185294822,9.106599756290953,35.17880699058705,931.5429839866084,4.87916193461678,98.42919873698058,2120.668593337557,16.6801158844091,8.411287383893919,Moderate,7.44274558501303,Current,Mining,73.1324176674438,394.0421483324001,3152.3371866592006,2555.7060971471483,Loam,2,2.0,4,0.57513988083737,0.206804509483172,0.48287035232906955,0.6224629809312987
USGS_SOIL_00506,46.86225242785222,-101.62172088474313,20,5.001046651557633,2.2222992292686787,3.462951646152997,65.1279151904393,90.28084319372049,14.083441192788884,16.618692910864816,248.21555860987064,1075.2784112361255,8.351591693856683,33.49865027996613,48.230283580889335,38.87803935578849,14.840572317421618,17.110084454029675,854.0459830263542,14.992822962268828,109.2962196606835,2859.436525613072,11.137831775252453,9.446456424976938,Moderate,7.63708144172167,Past,Mining,48.94451812312478,189.41126415115392,1515.2901132092313,1075.2784112361255,Loam,2,1.0,4,0.5213689004964849,0.49159110346986234,0.5598755568776713,0.41468652702482256
USGS_SOIL_00513,45.7855333480098,-93.3185090492886,20,5.116384723252246,54.573529793121935,5.068644394366084,17.79272858199174,52.88674146242634,6.691286677583424,10.367787276607787,169.7000334285418,171.24804711543166,8.136501646728444,16.5715013828306,55.04874568188552,21.395615319331668,22.52870257687147,21.394334075852555,1392.4035113624925,9.18075572323383,159.78800277700623,769.8706322798615,14.601449582461443,7.05231954624256,Moderate,22.446714505664936,Past,Unknown,76.66174641293146,61.04109984125884,488.32879873007073,171.24804711543166,Loam,2,1.0,0,0.8949060917921399,0.3279313932520808,0.6298347172369625,0.4224565970819636
USGS_SOIL_00516,34.03512080507319,-119.60227659353248,15,8.325737781238244,185.4660616643566,2.9899014823579693,1049.040377811018,37.30074658567101,155.55264965882543,0.7675225172785255,58.750465669193154,10348.715521394512,8.493053732486262,11.19539494789352,61.6033655931022,34.998216359738095,2.771295096443584,37.63576473782251,869.3389070526819,19.390844001329764,184.0323532319708,845.546400830796,13.89695095912151,6.521958193021837,Well,0.8101817175312992,,Agriculture,94.21963388357298,1479.8229058479014,11838.583246783212,10348.715521394512,Loam,3,,2,0.5319798339130704,0.6154332441715805,0.7158043593615503,0.9269293338747372
USGS_SOIL_00518,48.694627103558666,-109.32959748726634,20,7.99746634722194,181.15671794469336,18.883510718226148,1490.9677528055713,35.824961488285815,210.73169700075653,1.7664117202787812,195.17328371122787,2224.229800053244,7.944720023388677,5.750123385517764,48.10003958978505,26.38769807085627,22.79692264822708,37.69543703275522,1456.2146248556646,33.04801007963975,168.19388595878868,1084.006528959933,18.28309889581072,1.919035800541332,Well,0.7023036349275615,,Unknown,21.296545000143414,544.8417669302855,4358.734135442284,2224.229800053244,Loam,3,,0,0.9391811745263876,1.0,0.9797270581754626,0.20997412180843433
USGS_SOIL_00527,31.561769726336948,-100.90126042882878,10,6.801739483809259,34.71701821222654,97.75913696771586,561.0748530976255,75.76847995923302,8.083991148183264,23.012828383510712,190.32301867163824,550.9406254128561,5.920399896686486,6.497674569901372,50.95312856841406,35.38211605492257,11.7900609975768,20.180475901359223,1037.7821758321425,8.742599122214424,114.64947430507304,604.0227681618469,18.530828186752533,6.749905650458748,Moderate,3.4368022171045665,Current,Urban,46.6256054243495,192.70999398162365,1541.6799518529892,561.0748530976255,Loam,2,2.0,1,0.6488535139505733,0.31559351424902404,0.5437045649554214,0.4342074574242456
USGS_SOIL_00528,26.35301191962225,-103.01137749627348,10,6.924931807319213,18.624569493491023,6.837808478600716,23.356417161095923,412.9344475156087,3.3251418275301963,2.168016116311536,22.21842409271184,4830.5793739016535,5.115200722524183,8.466700965090164,60.54880742143921,16.30536225343942,24.88188004555197,32.49693815007993,1277.5082136590677,12.043159510116208,221.93392900920344,745.4057582102458,15.157996857337611,9.547838152415691,Poor,1.3349489309017597,Past,Agriculture,77.55648384674807,665.0055248233755,5320.044198587004,4830.5793739016535,Loam,1,1.0,2,0.815186454676898,0.40853269310304935,0.5190174937044268,0.7548580494283376
USGS_SOIL_00532,48.919284089773726,-120.21827326144876,5,7.806945946185866,63.66103351340811,38.56367707202607,400.37370550856576,55.61377745917917,247.7329223211716,0.7442408482288623,81.56354076096444,9410.60693819268,8.380505932276998,15.28676274046939,28.62851519417766,33.30613261090406,34.645950598650096,22.36104629887405,750.231370125542,23.43612834393092,165.15477103516355,2916.0909131111653,10.189291364259688,3.348030746777824,Poor,0.2064320123453039,,Unknown,66.08312985270523,1287.3574794595281,10298.859835676225,9410.60693819268,Loam,1,,0,0.4493375516672686,0.7293428112894856,0.5040045654300291,0.6581029638315382
USGS_SOIL_00533,38.33036093446306,-112.00919108496112,5,4.481030479629878,12.744779044631978,16.828851391389026,50.87474212046392,95.05860135570916,115.40137425190184,1.48906052384825,68.00422337063051,6609.443523244701,8.761150244579568,17.551067303960217,46.81322445930416,24.346500474989057,23.945565507919028,17.1708923803574,656.7332078474107,10.942599716777526,87.99663881960966,470.04669411391006,8.265220128177344,7.56250032529526,Well,0.2636351507556916,,Agriculture,1.2936892275355991,871.2306444129094,6969.8451553032755,6609.443523244701,Loam,3,,2,0.38446423033261806,0.3775424637324311,0.5873355646883497,0.01286867988444952
USGS_SOIL_00540,47.89722465420934,-76.3438230104162,5,7.025945148910338,362.6744906147204,11.378568524161771,1573.8526740842644,6.047500351860838,7.484552261997517,3.488939962958725,598.6454128983007,13000.311354428404,8.794217749317504,23.411365455626843,43.134845105173504,53.49108558025033,1.2601732986772234,7.099274526703075,879.6771853801886,18.4466809274122,167.71290934672697,609.7402791376362,15.066758022565024,9.05616533343512,Well,0.5572597654083669,,Industrial,92.96974986654456,1945.4854366408335,15563.883493126668,13000.311354428404,Silty,3,,3,0.5391530064722518,0.5888469283702282,0.7093333116141599,0.9193358384653045
USGS_SOIL_00549,43.53564140165534,-73.82964214337166,20,5.038206042994037,269.8266637087069,80.29632269279682,51.0496856611539,96.63561392201063,41.690062415234536,1.3847380614254683,172.07604137864868,16474.24083502631,4.503540356679504,8.005079787119897,40.98669236219281,35.79076300875503,26.43954058909878,25.936785748126272,979.6697039693208,13.54520130352715,210.7828499380176,2445.836958660351,15.592000672771714,5.716809707990118,Poor,7.639486403849107,,Agriculture,86.08416030974757,2148.399995358286,17187.19996286629,16474.24083502631,Loam,1,,2,0.6085324106384772,0.4508280958460924,0.46423127993930097,0.7293138486428591
USGS_SOIL_00558,43.123294136166855,-73.56123186303131,15,7.564177725708559,19.98649594790185,14.11306987189367,1917.998243260364,32.211658498638464,164.2005277323565,3.5521517414989483,1752.564863863024,116.27782183791702,5.531275469754686,31.6908117598268,48.272175068352816,27.28269960130292,26.32912003484707,15.771233081273708,601.8640620065025,26.32749052103155,173.64537234368063,2464.68505983518,12.513153376354282,5.156580630927769,Well,2.281629322754007,,Unknown,46.55200053141495,502.61310409419934,4020.9048327535947,1917.998243260364,Loam,3,,0,0.3463934956490168,0.8107595390349667,0.7190510115613278,0.4442771234250822
USGS_SOIL_00560,41.89791443438136,-76.27681171667899,15,7.269658697264124,54.573529793121935,4.144372618833075,405.6495522196633,25.223241403635267,273.93283841645604,5.858754837288694,4352.151036166034,1962.9645280129423,7.792454690864524,33.508521505114565,64.00715639112495,29.366967772186637,10.574562501325785,31.6282639500877,599.0784506443241,15.131095347837087,148.23519316347995,1589.4147014709424,17.658042244474426,7.759658254927754,Poor,2.8941153230020475,Past,Mining,77.8579454135216,885.5622316834969,7084.497853467975,4352.151036166034,Loam,1,1.0,4,0.3444607104839513,0.49548466106693173,0.39109290162807214,0.73351347956747
USGS_SOIL_00566,34.41385708239358,-75.90408350049323,5,5.696054832328928,7.651780936868389,10.2333954436335,99.89549025376913,16.293943211389543,65.30584294319821,2.407746055806557,1823.6294661087104,1983.913276472813,7.072570295408954,23.88923702697372,52.360198515096165,31.2079023250111,16.267048254594837,28.08215598806781,799.2027326560129,16.070840962960702,148.59567737427878,2724.4415179804555,11.610063295942805,5.738669662693728,Poor,8.499392035811669,,Unknown,28.61209078237872,501.16636767827356,4009.3309414261885,1983.913276472813,Loam,1,,0,0.48331613328028894,0.5219465873875049,0.4461986846670423,0.23748383251905314
USGS_SOIL_00577,47.23810300387586,-118.68814230920944,5,4.89829561763121,59.71556083428936,8.63373338469594,29.229991903349745,114.51800335450363,47.52303653739971,1.7128641174379688,62.12162076336098,6871.368199944087,5.479279881028559,32.16468432473977,50.02705259534621,32.174058527270034,14.020565974006365,19.402906101472364,364.3753077586504,22.17082834100404,156.09642344377485,734.8278715148181,13.944637839769491,9.077378680068255,Poor,1.6538929347282891,,Urban,90.9637922306656,899.3528763548906,7194.823010839124,6871.368199944087,Loam,1,,1,0.18161288507555856,0.6937137272990612,0.40288664856931766,0.879549047649378
USGS_SOIL_00583,32.890038646900194,-70.01034177490897,15,8.242817453912286,21.18169326095281,9.15449797990198,17.205822535329016,109.79824766442042,94.3103748701717,2.2850648490446783,65.58514536016611,2409.1029552860537,5.946315448028936,11.548084485601583,43.11169403016139,29.867169110409804,27.379849361864878,16.73509109778147,951.5319283838172,17.973465714291518,127.617496306307,2591.1526476752283,4.407170479248306,7.848888908793482,Well,1.678730485612559,Past,Industrial,96.95903364546008,341.07797522575504,2728.6238018060403,2409.1029552860537,Loam,3,1.0,3,0.589009128974709,0.5755218477294138,0.721510325568041,0.9370367193273673
USGS_SOIL_00591,40.38099387527715,-90.65194284959988,10,7.516812979296361,165.77156219089915,39.099552782835566,6.451296699401969,405.2274040514492,28.182311133090156,7.032533529428282,690.9572237188847,11946.58254837578,7.68986827832609,26.877992175099003,37.77971520143495,40.27718748779533,24.5884706950194,19.662929472804464,988.528520918714,13.8281346119217,175.5927481097487,1458.6970603405875,18.541783957566363,8.863204270510751,Moderate,8.251596941970186,,Mining,29.23801127152637,1661.1630540602212,13289.30443248177,11946.58254837578,Loam,2,,4,0.6146790649106034,0.45879510334246437,0.5800469449732448,0.24412805583578034
USGS_SOIL_00596,41.021385724504654,-67.56415081853359,15,6.293827228058462,28.086840284205085,49.31791223460733,534.3686038145527,154.8502767878833,3.0190319652015574,0.6322832138502561,552.9653531188468,2618.176105851089,7.8840177114240255,28.16457514422394,65.37161168422593,14.833374537140786,19.089401821540186,25.68453397388472,526.4481585584517,15.214661898518363,203.3066973288242,560.8898954941678,15.47981172103876,4.446526678282867,Moderate,2.027209155634692,Current,Urban,29.17451682411676,492.67705090877945,3941.4164072702356,2618.176105851089,Loam,2,2.0,1,0.29406647639087785,0.4978377786249227,0.48619030722748907,0.27991659871775404
USGS_SOIL_00598,29.6149364514081,-80.77054192716744,10,8.5,2.231728909405329,66.91547265751687,118.36154667189088,23.5771254924991,13.493928767544494,0.5125025082074773,340.8779670875132,6784.175871926433,6.159546843438955,12.833814332992311,35.01768695998926,46.16521654513749,21.31139250874744,30.68523943978937,855.5599859921462,20.43366024185748,165.5615269308937,361.3309501735532,15.633564030682056,7.629021840978545,Poor,4.778906858726424,,Industrial,10.327616553190031,918.7682680026262,7350.14614402101,6784.175871926433,Loam,1,,3,0.5224193853242963,0.644797495601593,0.5001834047530742,0.09340522201583304
