Sample_ID,Industrial_Proximity_km,Mining_Activity_History,Contamination_Source,Pollutant_Concentration_Index
USGS_SOIL_00000,9.939819341692205,Current,Mining,70.3028616537946
USGS_SOIL_00001,10.18034356559539,None,Mining,92.84686523951568
USGS_SOIL_00002,3.1809165392581322,None,Unknown,68.62867626170427
USGS_SOIL_00003,18.045853624975848,Current,Urban,68.11094986442595
USGS_SOIL_00004,0.39297136966448853,Past,Agriculture,22.37725690852066
USGS_SOIL_00005,0.01684021910095749,Past,Urban,53.51302003196929
USGS_SOIL_00006,2.3955711354025926,Past,Industrial,56.25228436045801
USGS_SOIL_00007,4.595185766352044,Past,Mining,70.01295624559528
USGS_SOIL_00008,4.960464349560253,None,Urban,99.68214498961827
USGS_SOIL_00009,3.235572992221173,Current,Agriculture,3.364382254376208
USGS_SOIL_00010,0.6669902260963934,Current,Industrial,6.523266126748684
USGS_SOIL_00011,0.9346459087931271,Current,Urban,7.795006943091876
USGS_SOIL_00012,9.55771698167174,Past,Mining,74.29791344889568
USGS_SOIL_00013,10.121401692617873,Past,Agriculture,13.635379511075751
USGS_SOIL_00014,5.602733562412363,Current,Mining,62.245187449034525
USGS_SOIL_00015,5.456465282769194,None,Mining,32.46688778934585
USGS_SOIL_00016,4.552563882617337,Past,Industrial,45.7319956210711
USGS_SOIL_00017,1.1340380646219554,None,Agriculture,21.56631598174139
USGS_SOIL_00018,2.7952733542294816,Current,Unknown,86.61065613045422
USGS_SOIL_00019,5.95190548184288,Past,Mining,58.61503241630264
USGS_SOIL_00020,3.852866186631481,None,Agriculture,94.45632635822527
USGS_SOIL_00021,0.09377558431526593,Past,Mining,57.459624970432955
USGS_SOIL_00022,15.34762681552973,Current,Urban,12.390803059694665
USGS_SOIL_00023,9.31572054051985,Current,Urban,17.087043383847544
USGS_SOIL_00024,1.5092093484554023,Current,Agriculture,98.90739763678472
USGS_SOIL_00025,4.7915429240518606,None,Industrial,72.55651973308677
USGS_SOIL_00026,12.83531789660386,Past,Unknown,4.927875002908966
USGS_SOIL_00027,0.5046905010290295,Past,Urban,70.37810050346648
USGS_SOIL_00028,3.4961228607162615,Past,Industrial,41.21730468096116
USGS_SOIL_00029,3.0462643531584637,Current,Unknown,30.72083868231905
USGS_SOIL_00030,2.639901345225651,None,Urban,15.406079373053426
USGS_SOIL_00031,9.026917548939759,Current,Unknown,83.99039545565657
USGS_SOIL_00032,2.395392582373062,Current,Mining,6.384137898910069
USGS_SOIL_00033,0.32890090233988306,None,Agriculture,28.98354623796403
USGS_SOIL_00034,0.3405256612433324,Current,Urban,30.638289382570438
USGS_SOIL_00035,0.21842527148513496,Current,Urban,16.090528396350035
USGS_SOIL_00036,2.630926762772553,Past,Mining,50.818488328687025
USGS_SOIL_00037,6.336449739548337,None,Urban,1.1702626810892625
USGS_SOIL_00038,1.1390374399557583,None,Urban,30.09755154104091
USGS_SOIL_00039,5.198913732486552,Past,Urban,93.3629444033064
USGS_SOIL_00040,5.809173934378544,None,Urban,31.05295693420057
USGS_SOIL_00041,1.473212024082882,Past,Urban,36.04593871067516
USGS_SOIL_00042,4.588429223716421,Current,Industrial,47.31650482340716
USGS_SOIL_00043,5.773823796560644,None,Urban,56.16933748514747
USGS_SOIL_00044,3.142546035609519,None,Mining,80.8708644820744
USGS_SOIL_00045,2.052764625231797,Current,Urban,19.03212231560176
USGS_SOIL_00046,4.826768780745646,Current,Unknown,87.17463771925573
USGS_SOIL_00047,19.048931467656953,None,Unknown,75.75493571438894
USGS_SOIL_00048,2.782964140409331,None,Mining,72.26503346615553
USGS_SOIL_00049,2.4857239750241575,None,Industrial,8.680457371463524
USGS_SOIL_00050,3.1205959710913627,Past,Mining,2.164068997458468
USGS_SOIL_00051,0.3963979590966124,None,Industrial,59.4012700908084
USGS_SOIL_00052,4.0278101500303585,None,Agriculture,86.31339625231612
USGS_SOIL_00053,1.9926762796058082,Current,Unknown,58.44414641406359
USGS_SOIL_00054,0.6472536341393313,Current,Unknown,21.323486544553084
USGS_SOIL_00055,3.139201721235792,Past,Unknown,9.051989794921322
USGS_SOIL_00056,0.016948626032524602,Current,Industrial,69.9596452817735
USGS_SOIL_00057,2.5690273384944935,None,Mining,72.17702773178095
USGS_SOIL_00058,0.5587671337806012,None,Industrial,17.253170068710865
USGS_SOIL_00059,0.12296319286357472,Past,Unknown,2.819031549653628
USGS_SOIL_00060,8.699870297713826,Current,Unknown,40.8283513223197
USGS_SOIL_00061,12.399524096082404,Current,Unknown,58.271870213302215
USGS_SOIL_00062,1.1639158699776684,Current,Unknown,70.60024095671912
USGS_SOIL_00063,3.8750221925437716,Past,Agriculture,80.99450091529027
USGS_SOIL_00064,1.6283609382818813,Current,Unknown,61.053742730673235
USGS_SOIL_00065,3.4019192837974623,Current,Industrial,11.088060859848504
USGS_SOIL_00066,2.8691050886329252,Current,Unknown,68.25816721424148
USGS_SOIL_00067,1.5670583223142096,None,Urban,98.4176642894882
USGS_SOIL_00068,6.0264279888998065,Past,Agriculture,90.5584584597404
USGS_SOIL_00069,0.6761839975669703,None,Unknown,87.16689092695127
USGS_SOIL_00070,0.27266522131591187,Past,Urban,30.217015335834084
USGS_SOIL_00071,7.298099447346801,Current,Industrial,75.07881764540006
USGS_SOIL_00072,5.482024102908082,None,Agriculture,85.11034459651455
USGS_SOIL_00073,3.4510188247686435,Current,Unknown,67.83262046312632
USGS_SOIL_00074,3.1535834970710974,Current,Industrial,25.056175656798054
USGS_SOIL_00075,3.4399164768866157,Past,Urban,95.38339718749583
USGS_SOIL_00076,2.8725920784882724,Current,Agriculture,45.08194114586759
USGS_SOIL_00077,2.4952453340563014,None,Unknown,12.98055586658794
USGS_SOIL_00078,3.462642888531953,Past,Industrial,10.9777895057392
USGS_SOIL_00079,3.759341768995321,Past,Agriculture,64.75189872990458
USGS_SOIL_00080,5.886691921138264,None,Urban,43.77096464167391
USGS_SOIL_00081,6.2102283352812915,Current,Unknown,9.44838751789636
USGS_SOIL_00082,2.3710951489984806,Current,Agriculture,74.03645721560946
USGS_SOIL_00083,2.6682585288118474,Current,Urban,79.93251672586197
USGS_SOIL_00084,2.339606352192521,Current,Urban,72.54156307864513
USGS_SOIL_00085,3.845130392279329,Current,Industrial,20.226087768401293
USGS_SOIL_00086,3.019765035570816,Past,Urban,68.97754559960694
USGS_SOIL_00087,11.018065544212343,Past,Urban,1.0722802894385097
USGS_SOIL_00088,5.959583311358529,None,Mining,30.511213967840924
USGS_SOIL_00089,11.446191976424661,Current,Urban,39.882153140754376
USGS_SOIL_00090,6.174514420130821,Current,Unknown,83.52469488855016
USGS_SOIL_00091,17.700943725405697,Current,Agriculture,39.03943730694043
USGS_SOIL_00092,5.049392680106912,None,Unknown,1.1269446189398291
USGS_SOIL_00093,16.559088055081318,Current,Unknown,35.23464118280094
USGS_SOIL_00094,0.8608852759029285,Past,Industrial,49.89240983592872
USGS_SOIL_00095,0.2695239322505923,Current,Mining,94.90047866727734
USGS_SOIL_00096,4.327099207729025,None,Mining,94.10343037895447
USGS_SOIL_00097,20.519916065594344,Past,Unknown,18.087403822141155
USGS_SOIL_00098,2.7030339596572626,Past,Agriculture,18.514654173945154
USGS_SOIL_00099,1.191561094010086,Past,Mining,16.33814564645505
USGS_SOIL_00100,3.6859284751253503,Current,Mining,78.89219324141033
USGS_SOIL_00101,5.23197750440858,None,Unknown,0.6022040368406367
USGS_SOIL_00102,1.8929867205925246,None,Mining,12.717719819187733
USGS_SOIL_00103,6.27228578785483,Current,Industrial,53.7959631644099
USGS_SOIL_00104,18.467351287870503,None,Unknown,24.756206688676553
USGS_SOIL_00105,11.363341565948096,Past,Mining,9.235645823926209
USGS_SOIL_00106,1.7236286303531154,Past,Mining,35.98780123338343
USGS_SOIL_00107,1.9779972938894876,None,Mining,27.42076050602448
USGS_SOIL_00108,2.3224242245415194,None,Unknown,51.11043065142845
USGS_SOIL_00109,2.5089394238259803,Current,Agriculture,97.92335938301959
USGS_SOIL_00110,0.5285778889428436,Current,Urban,12.430463681491844
USGS_SOIL_00111,7.176642391892365,Current,Mining,37.27267048340943
USGS_SOIL_00112,2.273323481335069,Current,Urban,93.19850178724747
USGS_SOIL_00113,10.593822331229442,Current,Urban,87.68730434938226
USGS_SOIL_00114,13.082413932666162,Current,Mining,39.42710347842806
USGS_SOIL_00115,0.12367352758323302,Past,Mining,69.89532645197365
USGS_SOIL_00116,22.328376147646523,None,Urban,8.785701358134556
USGS_SOIL_00117,6.1897637177861835,Current,Agriculture,71.25410555436152
USGS_SOIL_00118,3.6739332330217818,Past,Urban,97.28577294847415
USGS_SOIL_00119,2.4676110450670667,None,Agriculture,53.74881528341916
USGS_SOIL_00120,3.654433535201048,None,Industrial,49.84902270344143
USGS_SOIL_00121,1.962433890621099,None,Agriculture,18.731861970191034
USGS_SOIL_00122,4.873411769115085,Current,Unknown,63.37881989072919
USGS_SOIL_00123,0.48795541588539704,Current,Mining,59.04372807789149
USGS_SOIL_00124,4.852713083832702,Current,Industrial,65.19330594757506
USGS_SOIL_00125,1.6102969632536532,None,Urban,2.608328668472182
USGS_SOIL_00126,0.08896087621664636,None,Agriculture,54.872348834907356
USGS_SOIL_00127,4.022693298339788,Past,Industrial,59.4934843497373
USGS_SOIL_00128,4.319057805331166,Past,Unknown,20.753013541280218
USGS_SOIL_00129,2.7805883586482505,Past,Agriculture,20.8332857488536
USGS_SOIL_00130,0.37516017010799774,Past,Urban,27.621816851094984
USGS_SOIL_00131,11.1906837923123,None,Urban,71.17215917272375
USGS_SOIL_00132,4.726420113296317,Current,Agriculture,60.626606353237165
USGS_SOIL_00133,0.6148697358543306,Current,Unknown,84.57626461178046
USGS_SOIL_00134,3.576254147144782,Current,Mining,29.56585718430982
USGS_SOIL_00135,3.4383541752371025,Current,Mining,91.20680598883183
USGS_SOIL_00136,0.31151507561644864,Past,Urban,74.37061619833584
USGS_SOIL_00137,4.667943712651842,None,Unknown,39.501167001369694
USGS_SOIL_00138,8.259806739838481,Current,Urban,9.526206562545593
USGS_SOIL_00139,6.911672145022799,None,Mining,25.69836624874825
USGS_SOIL_00140,1.1343111236136407,Past,Urban,95.67682172148503
USGS_SOIL_00141,9.913118115578449,Past,Agriculture,31.036337588407935
USGS_SOIL_00142,2.096873236335167,Current,Agriculture,32.99009601490644
USGS_SOIL_00143,14.641151204657435,Current,Unknown,18.9588931097717
USGS_SOIL_00144,0.3722599639794166,Past,Mining,80.68506011387655
USGS_SOIL_00145,3.3296905238216317,Past,Unknown,27.564423024227736
USGS_SOIL_00146,4.545636964515401,None,Unknown,33.02582483688556
USGS_SOIL_00147,1.4227688433330576,Past,Mining,41.43481084316266
USGS_SOIL_00148,7.378474339302141,None,Industrial,43.37282797746097
USGS_SOIL_00149,4.929486098247503,Past,Industrial,41.13407904150217
USGS_SOIL_00150,0.091377100523453,None,Urban,50.374369537472866
USGS_SOIL_00151,4.6871708196141135,Past,Industrial,81.45128796164033
USGS_SOIL_00152,3.3812363045300966,Past,Agriculture,81.92850407420221
USGS_SOIL_00153,1.0909616549476393,None,Unknown,79.83131337633469
USGS_SOIL_00154,27.302096102851273,None,Urban,10.11248391164875
USGS_SOIL_00155,11.37301119485517,Current,Unknown,79.96788032748141
USGS_SOIL_00156,1.7301426294502997,Current,Mining,12.025177348657678
USGS_SOIL_00157,3.894297962017783,Past,Industrial,12.472377005225798
USGS_SOIL_00158,1.9026587681772813,Past,Mining,94.78627716349608
USGS_SOIL_00159,7.469303241544239,None,Urban,81.93978447055413
USGS_SOIL_00160,13.320030206826754,Past,Agriculture,55.241046686800864
USGS_SOIL_00161,2.2222923694662775,Current,Industrial,87.49702044778621
USGS_SOIL_00162,8.188781836571255,None,Mining,98.93646425518628
USGS_SOIL_00163,3.449836635417574,Past,Industrial,61.06420666317776
USGS_SOIL_00164,2.52569711538287,None,Unknown,61.2898436981518
USGS_SOIL_00165,13.937241066207944,Current,Agriculture,75.4427029159928
USGS_SOIL_00166,3.570880622309428,Current,Industrial,23.213895236533276
USGS_SOIL_00167,3.1500216044382343,Current,Agriculture,16.712486151879936
USGS_SOIL_00168,5.580334723062216,Past,Unknown,75.95807500150725
USGS_SOIL_00169,1.5138716219502375,Past,Unknown,34.490479499410235
USGS_SOIL_00170,1.9636788854476903,Past,Mining,13.5070356305934
USGS_SOIL_00171,13.444609317104359,Past,Urban,31.487772591774977
USGS_SOIL_00172,5.674252857273973,Past,Mining,35.86368678745754
USGS_SOIL_00173,8.76184234626638,Past,Agriculture,96.52276595056907
USGS_SOIL_00174,1.5811743363991893,Current,Mining,69.79597110879232
USGS_SOIL_00175,3.924012327414484,Current,Industrial,53.085631739973394
USGS_SOIL_00176,17.771090224156183,Past,Mining,96.88731386826049
USGS_SOIL_00177,1.9187913207151606,Current,Urban,90.31397404741807
USGS_SOIL_00178,0.8746039089672284,None,Urban,51.200085661415976
USGS_SOIL_00179,3.5757985232932348,Past,Agriculture,90.56796353769808
USGS_SOIL_00180,2.4536535025379766,None,Unknown,40.43046580626566
USGS_SOIL_00181,0.8692510972667179,Past,Urban,23.042066535662464
USGS_SOIL_00182,10.970958128588679,Past,Agriculture,23.267817682208513
USGS_SOIL_00183,23.40157608438728,Current,Urban,66.23155244421267
USGS_SOIL_00184,4.203391200541152,None,Urban,50.10703207072771
USGS_SOIL_00185,7.451096613359435,Current,Unknown,65.89508470054467
USGS_SOIL_00186,9.796337750391919,Past,Industrial,68.60759642621699
USGS_SOIL_00187,6.036257634366096,None,Agriculture,2.2322872897717616
USGS_SOIL_00188,0.22580305271417103,Past,Urban,5.403959234790234
USGS_SOIL_00189,0.8577047746458764,Current,Urban,53.26777265912499
USGS_SOIL_00190,0.36817452653721966,Past,Mining,19.10354777600769
USGS_SOIL_00191,0.049643668974316754,Past,Industrial,63.253376880443966
USGS_SOIL_00192,1.8263907189366653,Current,Unknown,55.21857391706481
USGS_SOIL_00193,2.4908301489186186,Past,Agriculture,58.57603583708912
USGS_SOIL_00194,1.3789633769595047,None,Urban,30.245537983101066
USGS_SOIL_00195,0.33393001396099997,Current,Agriculture,63.98435062778967
USGS_SOIL_00196,3.7736566530216336,Past,Unknown,82.9492636485023
USGS_SOIL_00197,1.596340637952029,Current,Industrial,99.80712535922372
USGS_SOIL_00198,7.949087167050195,Past,Mining,83.84443861722143
USGS_SOIL_00199,0.040426095487398644,Current,Industrial,55.74987596799475
USGS_SOIL_00200,9.242507948374708,Current,Mining,19.342959167995655
USGS_SOIL_00201,15.478169574072629,None,Agriculture,68.14458761198209
USGS_SOIL_00202,6.296283642133712,Current,Industrial,93.76537855579782
USGS_SOIL_00203,6.614608820712196,None,Industrial,21.18665397323024
USGS_SOIL_00204,13.557453935886233,Current,Industrial,25.59956205265771
USGS_SOIL_00205,1.1727371787821181,Current,Unknown,14.900854341165115
USGS_SOIL_00206,26.075001550352788,Past,Agriculture,73.67216436264017
USGS_SOIL_00207,7.424636751055486,Past,Mining,40.656150342365926
USGS_SOIL_00208,6.483561109540716,Past,Industrial,6.269563888638407
USGS_SOIL_00209,2.239962929092953,Current,Agriculture,87.49499914902802
USGS_SOIL_00210,3.945840403792649,Current,Unknown,55.767190470256665
USGS_SOIL_00211,5.305394630009434,None,Unknown,33.10942920003558
USGS_SOIL_00212,4.842433500867475,None,Agriculture,34.39829760610969
USGS_SOIL_00213,6.103639255203566,None,Mining,29.025122019090677
USGS_SOIL_00214,0.4298690631109876,Past,Agriculture,45.54801723926418
USGS_SOIL_00215,2.197553950406858,Past,Agriculture,33.7041688488145
USGS_SOIL_00216,2.8458061504979275,None,Urban,54.79463040706094
USGS_SOIL_00217,1.5097792855751246,Current,Unknown,77.35172522712942
USGS_SOIL_00218,0.9474999224453522,Past,Mining,67.44612834443735
USGS_SOIL_00219,0.7478827517894121,Past,Urban,29.445689275411713
USGS_SOIL_00220,2.281556135545969,None,Agriculture,52.874101153977925
USGS_SOIL_00221,3.4005792968768183,Past,Unknown,84.01261599122508
USGS_SOIL_00222,0.3252342656974926,None,Urban,6.820623474272547
USGS_SOIL_00223,14.63645326500756,Past,Urban,7.829726698690475
USGS_SOIL_00224,7.2460285884031705,Current,Mining,55.61700680497535
USGS_SOIL_00225,6.562465110453739,Current,Agriculture,63.91151283898032
USGS_SOIL_00226,0.9489097320579982,Past,Mining,21.14130157759041
USGS_SOIL_00227,4.6291904158263595,None,Urban,74.5220126691518
USGS_SOIL_00228,3.7721876794809535,Past,Urban,64.62633770407274
USGS_SOIL_00229,20.218878700213622,None,Mining,92.32892682362865
USGS_SOIL_00230,6.885122696528322,Past,Urban,16.89542018585367
USGS_SOIL_00231,4.287301931883761,Current,Industrial,75.13742653580107
USGS_SOIL_00232,9.512762453643429,Current,Unknown,8.364309058326702
USGS_SOIL_00233,0.842651104986814,Past,Agriculture,56.52924095178975
USGS_SOIL_00234,0.07666744536502446,Past,Unknown,55.189513949914584
USGS_SOIL_00235,5.859679766745266,Past,Agriculture,38.83850446467406
USGS_SOIL_00236,0.5174305907348544,Current,Urban,84.45711476685672
USGS_SOIL_00237,0.6132887136991053,Current,Mining,0.43706447860122344
USGS_SOIL_00238,6.826202318757943,None,Mining,52.01794018985208
USGS_SOIL_00239,1.5772183828289734,Past,Urban,21.715354983518743
USGS_SOIL_00240,4.952798409886525,Past,Agriculture,74.34986191164329
USGS_SOIL_00241,12.469147264863468,Current,Urban,4.306742630609717
USGS_SOIL_00242,1.9024568091334115,Past,Agriculture,83.15546881815776
USGS_SOIL_00243,1.224033547855591,None,Urban,83.80922267069515
USGS_SOIL_00244,0.5633966298819713,Past,Urban,83.2866012403503
USGS_SOIL_00245,0.6989682925539752,Current,Urban,15.256852673266986
USGS_SOIL_00246,0.3212138663968978,Past,Mining,63.04065185610449
USGS_SOIL_00247,0.45861618646960917,Current,Agriculture,1.4367359183389605
USGS_SOIL_00248,2.8282096959148784,None,Urban,84.79625912891998
USGS_SOIL_00249,1.9346770784258494,None,Unknown,72.29751935086205
USGS_SOIL_00250,6.130424325049464,Past,Unknown,53.115373089925264
USGS_SOIL_00251,10.21040734017742,Past,Mining,73.0591433096617
USGS_SOIL_00252,7.680314688663703,Current,Industrial,9.432409665177222
USGS_SOIL_00253,3.781896847705454,None,Mining,52.86558321768563
USGS_SOIL_00254,0.540388331255418,None,Industrial,29.127649181644543
USGS_SOIL_00255,6.185361043203972,None,Mining,97.2619463222973
USGS_SOIL_00256,2.2535839078569455,None,Unknown,85.71179506239017
USGS_SOIL_00257,0.44771139738138066,Past,Urban,73.32756958339769
USGS_SOIL_00258,9.24058277960059,Past,Agriculture,93.37476352497319
USGS_SOIL_00259,2.0640842088649864,Current,Urban,34.68433045654737
USGS_SOIL_00260,1.2310939460795383,None,Unknown,90.08798989881812
USGS_SOIL_00261,10.257267031112885,Past,Agriculture,32.52382321067103
USGS_SOIL_00262,11.620773693537913,Past,Industrial,73.2796719691153
USGS_SOIL_00263,2.0697866043879665,None,Industrial,73.6416911776449
USGS_SOIL_00264,2.1909856624382313,Past,Unknown,1.8349876454093472
USGS_SOIL_00265,4.33308250235987,Current,Agriculture,36.105969827819514
USGS_SOIL_00266,6.610807620254713,Current,Urban,1.9432672408497886
USGS_SOIL_00267,0.3261562152399452,None,Unknown,99.70920176102486
USGS_SOIL_00268,4.498934083871084,Current,Industrial,12.2196761829238
USGS_SOIL_00269,15.268932572662683,Past,Unknown,54.281089564810934
USGS_SOIL_00270,1.519693472137463,Current,Urban,79.05562387626372
USGS_SOIL_00271,11.974994133088614,Past,Mining,20.126360226089247
USGS_SOIL_00272,14.995523846460138,None,Mining,48.505266809547265
USGS_SOIL_00273,1.5677601024505625,None,Urban,60.74287609211508
USGS_SOIL_00274,7.016223364752083,Past,Agriculture,16.020475439554538
USGS_SOIL_00275,1.3641315607448394,Past,Unknown,77.85554599115385
USGS_SOIL_00276,6.689638799529255,Current,Urban,29.933645718936532
USGS_SOIL_00277,7.9831013349795565,Past,Mining,21.10230763388403
USGS_SOIL_00278,1.4198163370050023,None,Industrial,55.828874643741685
USGS_SOIL_00279,6.291608963556653,Past,Urban,41.03136276429379
USGS_SOIL_00280,8.359347642986831,Current,Urban,92.02859446364178
USGS_SOIL_00281,2.2203452599475253,Current,Urban,88.0062698198154
USGS_SOIL_00282,0.9178283077956162,Past,Mining,48.335066338888325
USGS_SOIL_00283,0.48235939182071896,Current,Mining,35.92637747255976
USGS_SOIL_00284,4.282823198778454,Current,Urban,32.55179816312652
USGS_SOIL_00285,19.10591384925992,None,Urban,26.756362308150738
USGS_SOIL_00286,8.656624539751887,Past,Agriculture,54.45478537124772
USGS_SOIL_00287,2.862083698837176,None,Industrial,80.49786047345435
USGS_SOIL_00288,3.846048877931945,None,Unknown,31.07566082035578
USGS_SOIL_00289,1.6392428357659274,Current,Unknown,19.00940896880815
USGS_SOIL_00290,0.8900495308259224,None,Unknown,47.54838061832868
USGS_SOIL_00291,3.289683625608599,Past,Mining,6.903441679766653
USGS_SOIL_00292,3.1134581807309285,Past,Mining,70.12790061297068
USGS_SOIL_00293,3.6899900748770014,Past,Agriculture,51.83582663019336
USGS_SOIL_00294,15.267292714442867,None,Mining,49.63748079728541
USGS_SOIL_00295,4.630383545498352,Past,Urban,30.044537955002248
USGS_SOIL_00296,4.6541272121392945,Past,Industrial,90.46734375317367
USGS_SOIL_00297,0.6849712662642305,None,Industrial,9.04862918495527
USGS_SOIL_00298,28.25908133559658,None,Industrial,86.98240088870314
USGS_SOIL_00299,7.410612148189848,None,Industrial,37.670520241592264
USGS_SOIL_00300,10.486127478378817,None,Unknown,88.06235159750223
USGS_SOIL_00301,2.674741345149425,Current,Unknown,72.87614583323835
USGS_SOIL_00302,3.4870622774870035,None,Urban,10.41707266620383
USGS_SOIL_00303,3.6915994741938896,None,Agriculture,83.15362865093536
USGS_SOIL_00304,1.07894418879506,Past,Mining,68.2176833699505
USGS_SOIL_00305,5.847682274778943,Past,Mining,3.230191291534845
USGS_SOIL_00306,11.664021832792834,None,Unknown,13.370268210966996
USGS_SOIL_00307,0.8938741780902135,None,Industrial,63.562805583569514
USGS_SOIL_00308,0.45136494307592867,None,Urban,66.2600502880285
USGS_SOIL_00309,6.7012332089486915,Past,Agriculture,74.6651432837595
USGS_SOIL_00310,1.5955323132588473,Past,Unknown,72.02454007749819
USGS_SOIL_00311,4.8890031079782394,None,Urban,65.9519954669955
USGS_SOIL_00312,5.949664762794102,Past,Urban,76.62389017464226
USGS_SOIL_00313,1.9423819128328037,Past,Unknown,57.50857058923729
USGS_SOIL_00314,8.44090683612658,None,Urban,26.079138552445492
USGS_SOIL_00315,3.9924160616343767,Past,Industrial,91.23766137307182
USGS_SOIL_00316,10.162767181696555,None,Urban,1.8214030931977931
USGS_SOIL_00317,7.204672619804792,Current,Agriculture,36.65617198714902
USGS_SOIL_00318,10.146618706997492,Current,Urban,72.88702930971634
USGS_SOIL_00319,0.10183698254272004,Current,Mining,42.715604114967434
USGS_SOIL_00320,1.3953051085736656,Past,Urban,2.483440748001431
USGS_SOIL_00321,0.4715970263703938,Current,Unknown,6.598090311621318
USGS_SOIL_00322,2.9177255199705994,Past,Mining,64.86373691382886
USGS_SOIL_00323,11.034562240591441,None,Unknown,96.48645994052997
USGS_SOIL_00324,3.1512399707398147,Current,Agriculture,55.1863635834499
USGS_SOIL_00325,9.4760438813921,Past,Industrial,50.6757818023769
USGS_SOIL_00326,1.9813741272654792,Current,Agriculture,31.832521305626727
USGS_SOIL_00327,2.074321255965904,Past,Mining,25.669067386606315
USGS_SOIL_00328,11.295795514764638,Past,Industrial,2.0984981756284715
USGS_SOIL_00329,2.7740368665395865,None,Urban,27.295486764047116
USGS_SOIL_00330,7.7976582327533315,Past,Mining,44.911044086525244
USGS_SOIL_00331,1.3501509247149763,Past,Industrial,19.794978304895018
USGS_SOIL_00332,14.860159758546445,Current,Unknown,8.734798848142923
USGS_SOIL_00333,4.273371205089761,None,Industrial,71.77278672546026
USGS_SOIL_00334,7.121509279032803,Past,Unknown,89.46202690680671
USGS_SOIL_00335,0.46889311505393827,Current,Unknown,93.67720696870856
USGS_SOIL_00336,3.3929110906542497,None,Industrial,61.799872849698936
USGS_SOIL_00337,11.565121852378857,Past,Agriculture,5.2774582599281805
USGS_SOIL_00338,10.47942515099334,Current,Agriculture,74.08626299617734
USGS_SOIL_00339,0.23972588184069252,None,Unknown,11.009530526188637
USGS_SOIL_00340,1.8098623922817056,None,Mining,66.97481176878239
USGS_SOIL_00341,2.9288236103463587,None,Industrial,77.93658357478758
USGS_SOIL_00342,0.94530999926353,None,Mining,72.58647108264728
USGS_SOIL_00343,6.54663532205313,Past,Agriculture,95.18838057611306
USGS_SOIL_00344,1.0198428326552325,Past,Mining,73.81462844673898
USGS_SOIL_00345,2.128132660750624,None,Urban,69.32097779818085
USGS_SOIL_00346,5.442527229394377,None,Urban,26.17431721831024
USGS_SOIL_00347,3.2897626568799483,Past,Agriculture,92.47686864359017
USGS_SOIL_00348,6.707963453212903,Current,Mining,17.95438707941669
USGS_SOIL_00349,16.247693464273635,None,Industrial,90.48966114731265
USGS_SOIL_00350,0.6195841633265583,Past,Agriculture,31.266254334591036
USGS_SOIL_00351,6.181924163910971,Past,Urban,13.016359387766874
USGS_SOIL_00352,1.309059097075562,Current,Agriculture,82.66830272711707
USGS_SOIL_00353,2.6762467424893677,Past,Mining,0.2495453600829145
USGS_SOIL_00354,0.16707417378620792,None,Mining,83.20883176808307
USGS_SOIL_00355,0.7303765975135991,Past,Mining,26.23118420459759
USGS_SOIL_00356,1.9266750916455855,None,Unknown,88.47212727556213
USGS_SOIL_00357,2.0926438768942095,Past,Mining,69.1479182241579
USGS_SOIL_00358,11.49222918085363,None,Urban,66.61833328505901
USGS_SOIL_00359,6.77035399489366,None,Urban,36.53195631648434
USGS_SOIL_00360,17.910533953698415,Past,Unknown,5.940297389077099
USGS_SOIL_00361,4.56986098795662,None,Urban,83.00730982055772
USGS_SOIL_00362,1.3834715124375376,Past,Urban,17.0903795176528
USGS_SOIL_00363,1.9849186092313853,Past,Agriculture,37.225864189475224
USGS_SOIL_00364,1.9271061032052068,Past,Mining,60.03546855090818
USGS_SOIL_00365,1.9762943049469228,None,Agriculture,48.22537385606217
USGS_SOIL_00366,5.58842775868606,Past,Agriculture,19.866063517131806
USGS_SOIL_00367,3.7837152969198544,Current,Urban,14.06163568822839
USGS_SOIL_00368,2.4341148480414736,None,Industrial,12.324627225029062
USGS_SOIL_00369,0.8072432107026228,Current,Mining,86.3007881499201
USGS_SOIL_00370,0.1119395623443139,Current,Industrial,3.1559549061333625
USGS_SOIL_00371,1.2348423555905077,Current,Urban,97.70142595998944
USGS_SOIL_00372,0.5684836273519959,Current,Unknown,19.85286903854141
USGS_SOIL_00373,7.695946535107849,Past,Agriculture,11.032229687907813
USGS_SOIL_00374,0.596722282902183,Current,Urban,57.69716547767951
USGS_SOIL_00375,6.4409085106898925,None,Urban,7.998595794069663
USGS_SOIL_00376,2.436023127177245,Current,Industrial,60.245326316359495
USGS_SOIL_00377,0.38104992086655265,Current,Unknown,85.06266448136131
USGS_SOIL_00378,8.376020585843344,Current,Agriculture,4.789802146742483
USGS_SOIL_00379,4.333106798233474,Past,Unknown,79.98686045285442
USGS_SOIL_00380,1.3443769129420655,Current,Unknown,39.44774409821187
USGS_SOIL_00381,11.253815472777308,Current,Unknown,15.949063383120999
USGS_SOIL_00382,0.23157230408797685,Current,Mining,17.609648026745905
USGS_SOIL_00383,1.1271032609443181,None,Unknown,91.87645436942262
USGS_SOIL_00384,6.972578878730507,Past,Urban,11.060575194066447
USGS_SOIL_00385,6.178657927390317,Past,Mining,86.67827871156571
USGS_SOIL_00386,1.7073252560824765,Past,Mining,54.42446209836146
USGS_SOIL_00387,0.3201592494671457,None,Unknown,3.905617881643908
USGS_SOIL_00388,9.762390884898753,Current,Urban,46.44761457173383
USGS_SOIL_00389,1.8821849376586417,None,Agriculture,81.74495144763007
USGS_SOIL_00390,1.0889981211092965,Past,Unknown,72.62027876391004
USGS_SOIL_00391,3.6289905628736516,Past,Mining,48.87824176847179
USGS_SOIL_00392,12.052366184429957,Past,Agriculture,86.00498796962171
USGS_SOIL_00393,0.222615937061643,None,Agriculture,12.03647617802297
USGS_SOIL_00394,7.25798641634638,Past,Mining,90.99410533923688
USGS_SOIL_00395,4.2486918393069635,Current,Agriculture,84.64412084833488
USGS_SOIL_00396,2.7708330782234363,None,Urban,70.8276825657236
USGS_SOIL_00397,6.814460593350304,Current,Urban,81.78877421287493
USGS_SOIL_00398,16.88122027505431,Past,Unknown,54.3815506842666
USGS_SOIL_00399,1.3016720027371076,Past,Unknown,67.51624290976669
USGS_SOIL_00400,0.7753651548990338,None,Agriculture,56.05980707077789
USGS_SOIL_00401,12.202444164790936,Current,Mining,35.54285305079493
USGS_SOIL_00402,5.5274757685217155,None,Urban,56.88607973611776
USGS_SOIL_00403,2.881142783661123,Current,Industrial,25.74653325319257
USGS_SOIL_00404,4.257896717429508,Past,Unknown,44.027917084078524
USGS_SOIL_00405,6.844510538608315,None,Urban,28.07754072602432
USGS_SOIL_00406,7.414728971538408,None,Agriculture,12.288778946138901
USGS_SOIL_00407,12.622033892974386,Current,Urban,32.186185638990615
USGS_SOIL_00408,2.782976174847332,Past,Urban,85.19872181847707
USGS_SOIL_00409,1.7365299216980148,Past,Agriculture,38.10807706423057
USGS_SOIL_00410,5.1035954493775835,Current,Unknown,74.8003648968869
USGS_SOIL_00411,2.686942393862296,Current,Unknown,17.519785423816124
USGS_SOIL_00412,4.514386156640698,Current,Industrial,42.44191591676416
USGS_SOIL_00413,2.7235134516032975,Current,Industrial,11.485606933517655
USGS_SOIL_00414,0.8302480496826082,Current,Unknown,13.862106336748969
USGS_SOIL_00415,3.1689862815051946,Past,Unknown,61.74363798900691
USGS_SOIL_00416,5.870740445157522,Past,Unknown,60.74818174490111
USGS_SOIL_00417,8.029316735749935,None,Unknown,21.33719073548622
USGS_SOIL_00418,3.3994401326583654,Past,Urban,47.44231942887986
USGS_SOIL_00419,0.9030424658906315,Current,Industrial,86.3306166977948
USGS_SOIL_00420,2.6780487226377643,Past,Agriculture,17.42015086764829
USGS_SOIL_00421,7.715768536676299,Past,Mining,1.9210533073514835
USGS_SOIL_00422,2.662453722378792,Past,Agriculture,65.19951406635724
USGS_SOIL_00423,5.962375676292865,None,Mining,5.3498208088684995
USGS_SOIL_00424,3.538398151468523,None,Urban,97.9940238572446
USGS_SOIL_00425,1.380237586405171,Current,Industrial,60.9620283798881
USGS_SOIL_00426,7.951866709308124,Current,Mining,47.03963528439723
USGS_SOIL_00427,0.4398598496240308,None,Unknown,42.999254002430675
USGS_SOIL_00428,3.7210475897337507,Past,Urban,57.30706585169314
USGS_SOIL_00429,1.1715978187027034,Past,Mining,9.062443672021491
USGS_SOIL_00430,0.34710211012566056,None,Unknown,93.00190588194958
USGS_SOIL_00431,3.4951616917264623,Current,Urban,62.56420685518778
USGS_SOIL_00432,3.4613593781047776,Past,Mining,18.397849761090878
USGS_SOIL_00433,6.136222538058075,Current,Unknown,56.25810537646628
USGS_SOIL_00434,6.82757268564853,Past,Industrial,13.325650583301163
USGS_SOIL_00435,6.505934603374963,Current,Urban,1.7552717558312114
USGS_SOIL_00436,2.6344255565866446,Past,Mining,63.0516985213998
USGS_SOIL_00437,4.9941486320970405,Current,Unknown,64.84833418701278
USGS_SOIL_00438,4.301268291497554,Current,Industrial,58.369658280341554
USGS_SOIL_00439,2.7371174509680722,Current,Unknown,18.348320436002307
USGS_SOIL_00440,4.546733167476448,None,Industrial,60.342985849476705
USGS_SOIL_00441,14.710756277110358,Current,Mining,5.651094092451981
USGS_SOIL_00442,1.0714997553952523,None,Unknown,60.92383555719223
USGS_SOIL_00443,11.81019459090815,None,Unknown,55.40170191076188
USGS_SOIL_00444,0.2746865444561861,Current,Agriculture,65.52548308390995
USGS_SOIL_00445,1.8436596399322769,None,Urban,89.54756057523939
USGS_SOIL_00446,1.6994069462002743,None,Unknown,85.03581052395366
USGS_SOIL_00447,4.922380913326851,None,Industrial,98.06541915625388
USGS_SOIL_00448,0.7033552501610552,Past,Urban,97.6241032936575
USGS_SOIL_00449,10.700104325800815,Current,Mining,77.23196933737526
USGS_SOIL_00450,8.81735907563074,None,Urban,95.6419622177728
USGS_SOIL_00451,5.27870977061493,Current,Agriculture,86.7283885889112
USGS_SOIL_00452,3.0662654823489426,None,Mining,72.75824498949729
USGS_SOIL_00453,13.512033936453864,Current,Unknown,7.5384254643755195
USGS_SOIL_00454,8.881790056203467,None,Mining,4.9049888269887765
USGS_SOIL_00455,3.4588920695552665,Past,Mining,83.75995675057702
USGS_SOIL_00456,6.051184488523277,Past,Agriculture,48.96558578716983
USGS_SOIL_00457,4.18427895403225,Past,Industrial,81.46066843749209
USGS_SOIL_00458,4.432958706863537,None,Mining,31.291827065521936
USGS_SOIL_00459,2.009677244235663,Current,Industrial,39.76498583230128
USGS_SOIL_00460,3.100269944268652,None,Urban,70.01867210119319
USGS_SOIL_00461,0.40670883887873077,Past,Agriculture,91.53267369320932
USGS_SOIL_00462,2.2107649529183124,None,Unknown,8.776147447888594
USGS_SOIL_00463,5.950818212068981,Current,Mining,86.14781446346062
USGS_SOIL_00464,15.31107333459776,Past,Industrial,79.30127248793653
USGS_SOIL_00465,16.49285823356025,None,Mining,31.553927072985466
USGS_SOIL_00466,4.056533713122535,Current,Agriculture,35.52166141315596
USGS_SOIL_00467,4.6649246871862,Past,Unknown,4.646147722190963
USGS_SOIL_00468,1.0272622383647463,Current,Urban,1.5740611116717984
USGS_SOIL_00469,5.942271017157999,Current,Urban,47.70061263577291
USGS_SOIL_00470,0.3663966153685828,Past,Industrial,9.553964549731052
USGS_SOIL_00471,1.6751661630176375,None,Urban,19.4001814415213
USGS_SOIL_00472,5.518576644572396,None,Industrial,84.67671995266636
USGS_SOIL_00473,1.857566242180055,None,Unknown,57.10283912504524
USGS_SOIL_00474,0.25566061116900124,None,Mining,63.36324372661134
USGS_SOIL_00475,8.915101120115636,Current,Agriculture,18.747933083192002
USGS_SOIL_00476,1.857710335042494,None,Unknown,82.86618044544196
USGS_SOIL_00477,0.3259215139612801,None,Unknown,86.79797724397476
USGS_SOIL_00478,0.3886627817027696,Current,Urban,52.33275937130434
USGS_SOIL_00479,1.4501494573741893,Current,Urban,91.25577718786599
USGS_SOIL_00480,0.9801714231347759,Past,Agriculture,84.48286249545816
USGS_SOIL_00481,7.44274558501303,Current,Mining,73.1324176674438
USGS_SOIL_00482,1.9407104586197725,Past,Unknown,73.40759156936286
USGS_SOIL_00483,8.165984296775436,Past,Urban,10.53934739508633
USGS_SOIL_00484,0.9548703976308959,None,Unknown,27.08360376956658
USGS_SOIL_00485,3.3950299956710923,None,Mining,6.684721981767606
USGS_SOIL_00486,5.824355580271623,None,Industrial,0.8681209226308662
USGS_SOIL_00487,5.277632587791792,Current,Mining,15.830953138391013
USGS_SOIL_00488,4.595591251826473,Current,Unknown,88.048718264694
USGS_SOIL_00489,12.939456745081614,None,Unknown,23.98740590360515
USGS_SOIL_00490,1.2972560178557795,None,Agriculture,97.01539625917218
USGS_SOIL_00491,3.403319158596811,Current,Unknown,59.72909995612061
USGS_SOIL_00492,10.77050433212148,Past,Urban,23.72584876346904
USGS_SOIL_00493,0.40547420182913246,Past,Agriculture,49.71308034842128
USGS_SOIL_00494,0.2875537996960675,None,Unknown,21.909482270011537
USGS_SOIL_00495,1.3283133603185013,None,Mining,98.39735581823739
USGS_SOIL_00496,5.012256257519133,None,Unknown,84.72649839049639
USGS_SOIL_00497,1.5047121952651827,Past,Mining,2.6238788782329103
USGS_SOIL_00498,1.0550861401396858,None,Mining,94.77760314674711
USGS_SOIL_00499,3.0698533044404996,Past,Unknown,72.10651073028873
USGS_SOIL_00500,4.754385893237473,Current,Mining,8.238125202127833
USGS_SOIL_00501,1.4288043092415412,Current,Industrial,67.06377463264455
USGS_SOIL_00502,1.7883142067704059,Current,Agriculture,64.69266979656855
USGS_SOIL_00503,4.753884316893144,None,Unknown,21.878874580758346
USGS_SOIL_00504,14.569694448915104,Current,Industrial,75.84467000075756
USGS_SOIL_00505,5.615678637206498,Past,Mining,8.706470331296712
USGS_SOIL_00506,7.63708144172167,Past,Mining,48.94451812312478
USGS_SOIL_00507,2.2849244677312415,Past,Agriculture,0.9923207163087922
USGS_SOIL_00508,1.589018432984516,None,Industrial,96.87374888947464
USGS_SOIL_00509,3.0281339783747905,None,Industrial,75.15636317769093
USGS_SOIL_00510,8.228767793420438,Past,Unknown,15.885207615965601
USGS_SOIL_00511,3.0467849799695355,Past,Mining,34.167403995128296
USGS_SOIL_00512,9.37762126186204,Past,Urban,16.05623778081763
USGS_SOIL_00513,22.446714505664936,Past,Unknown,76.66174641293146
USGS_SOIL_00514,0.3737614061599547,Current,Unknown,5.889632542771517
USGS_SOIL_00515,0.2323675678286259,Past,Unknown,84.04066555637142
USGS_SOIL_00516,0.8101817175312992,None,Agriculture,94.21963388357298
USGS_SOIL_00517,2.42554309269918,None,Agriculture,67.66279428063
USGS_SOIL_00518,0.7023036349275615,None,Unknown,21.296545000143418
USGS_SOIL_00519,10.226726512710174,None,Urban,36.00900958135508
USGS_SOIL_00520,0.11709166066712029,None,Industrial,47.72398748089313
USGS_SOIL_00521,1.8974718048809116,Past,Industrial,60.462477220225374
USGS_SOIL_00522,1.0209627409101192,Past,Mining,66.86630898116874
USGS_SOIL_00523,13.40747930746135,Current,Industrial,55.42147153188828
USGS_SOIL_00524,5.535455737421241,Current,Industrial,35.13139208218558
USGS_SOIL_00525,12.153811734678952,Current,Urban,89.09172805649031
USGS_SOIL_00526,17.936799382990678,Past,Industrial,8.139205801795823
USGS_SOIL_00527,3.4368022171045665,Current,Urban,46.6256054243495
USGS_SOIL_00528,1.3349489309017595,Past,Agriculture,77.55648384674807
USGS_SOIL_00529,1.0766754976207427,None,Urban,6.08726652914009
USGS_SOIL_00530,1.26105254475832,Past,Agriculture,70.53352168113011
USGS_SOIL_00531,6.165177095955048,Past,Urban,81.9711622753325
USGS_SOIL_00532,0.2064320123453039,None,Unknown,66.08312985270523
USGS_SOIL_00533,0.2636351507556916,None,Agriculture,1.2936892275355993
USGS_SOIL_00534,4.68429077314436,None,Agriculture,18.013702713220624
USGS_SOIL_00535,5.136909665407111,Current,Industrial,34.211307889195076
USGS_SOIL_00536,5.472049520179194,Current,Agriculture,23.36900356380459
USGS_SOIL_00537,2.3251242564861085,Current,Urban,96.26521402274274
USGS_SOIL_00538,8.198065407342622,None,Unknown,65.15939141137936
USGS_SOIL_00539,3.8138218172287317,Current,Unknown,29.69709573515703
USGS_SOIL_00540,0.5572597654083669,None,Industrial,92.96974986654456
USGS_SOIL_00541,7.975193085062546,None,Urban,74.0594199476187
USGS_SOIL_00542,15.295254897026343,None,Urban,28.460721182704198
USGS_SOIL_00543,0.3095701765892559,Current,Mining,37.888156940195536
USGS_SOIL_00544,2.482570442938599,Current,Agriculture,19.942885830395674
USGS_SOIL_00545,3.3424293772713876,None,Industrial,97.10739982658218
USGS_SOIL_00546,0.7918773924621012,Current,Unknown,51.72964958900732
USGS_SOIL_00547,10.11375421336023,Past,Mining,89.60566874979847
USGS_SOIL_00548,1.6714206755418657,Current,Urban,34.64997710168477
USGS_SOIL_00549,7.639486403849107,None,Agriculture,86.08416030974757
USGS_SOIL_00550,5.558403782035027,None,Unknown,5.388684842716396
USGS_SOIL_00551,4.557085915482087,None,Mining,98.2090317524288
USGS_SOIL_00552,1.0668501451601804,Past,Urban,91.20343670333027
USGS_SOIL_00553,1.2468185786193384,None,Unknown,36.32029447766549
USGS_SOIL_00554,0.24253014761700872,None,Unknown,77.47221653145773
USGS_SOIL_00555,1.3768734647564385,Current,Urban,75.2257926473826
USGS_SOIL_00556,2.118987695736376,Past,Urban,90.12547971029316
USGS_SOIL_00557,8.953159641579227,Current,Industrial,30.725498112881112
USGS_SOIL_00558,2.281629322754007,None,Unknown,46.55200053141495
USGS_SOIL_00559,7.024772574855682,None,Urban,86.4999612606053
USGS_SOIL_00560,2.8941153230020475,Past,Mining,77.8579454135216
USGS_SOIL_00561,7.682524680017368,None,Agriculture,39.34667187402792
USGS_SOIL_00562,18.70541327213122,Past,Industrial,84.5725232912122
USGS_SOIL_00563,1.3711419559494282,Current,Urban,4.695403923240149
USGS_SOIL_00564,9.914900559141175,Past,Agriculture,78.20463029629902
USGS_SOIL_00565,4.861979057374248,Current,Industrial,20.676585943370064
USGS_SOIL_00566,8.499392035811669,None,Unknown,28.61209078237872
USGS_SOIL_00567,5.271817853041684,Current,Agriculture,49.32148435955936
USGS_SOIL_00568,2.757799805729335,Current,Industrial,44.97345010699739
USGS_SOIL_00569,1.2943390274246258,Current,Urban,52.05701068698809
USGS_SOIL_00570,0.36304285126176594,Past,Urban,54.477559567202384
USGS_SOIL_00571,3.8341662874276023,Current,Industrial,33.152769103149694
USGS_SOIL_00572,23.191615879288484,Past,Unknown,17.522751301703
USGS_SOIL_00573,6.697851745375976,Past,Industrial,76.8481229287306
USGS_SOIL_00574,1.9826175783053548,Past,Mining,39.997614908714205
USGS_SOIL_00575,8.778241006388615,None,Industrial,50.5840862459059
USGS_SOIL_00576,7.32634153776668,None,Industrial,64.46967183511181
USGS_SOIL_00577,1.6538929347282891,None,Urban,90.9637922306656
USGS_SOIL_00578,0.07205414395855929,Past,Unknown,70.75528311402199
USGS_SOIL_00579,0.6287381870471207,None,Industrial,4.545922559038451
USGS_SOIL_00580,10.490316896644853,Current,Agriculture,83.85603633980176
USGS_SOIL_00581,9.056639500080966,Past,Urban,98.93550151275191
USGS_SOIL_00582,1.749269876339977,None,Urban,47.248502537138215
USGS_SOIL_00583,1.6787304856125593,Past,Industrial,96.95903364546007
USGS_SOIL_00584,7.871922310552102,None,Agriculture,54.73287423431494
USGS_SOIL_00585,13.881977385361324,Current,Industrial,45.96159958719498
USGS_SOIL_00586,7.551069209457612,Past,Agriculture,33.140476472745505
USGS_SOIL_00587,4.651677966957263,None,Urban,65.75548758333389
USGS_SOIL_00588,1.389789861226619,None,Agriculture,22.982042052504458
USGS_SOIL_00589,3.730081359267834,Current,Industrial,10.493421851440432
USGS_SOIL_00590,1.329680259417866,Current,Mining,2.723710258421408
USGS_SOIL_00591,8.251596941970186,None,Mining,29.238011271526375
USGS_SOIL_00592,2.4466342662349385,None,Agriculture,39.57708321670383
USGS_SOIL_00593,8.969725790353815,Past,Industrial,55.207669628124776
USGS_SOIL_00594,2.4031734400083082,Past,Unknown,29.274982518700643
USGS_SOIL_00595,8.69060268819521,None,Mining,98.40595723854112
USGS_SOIL_00596,2.027209155634692,Current,Urban,29.174516824116758
USGS_SOIL_00597,2.900277479334612,Past,Industrial,44.09753884464087
USGS_SOIL_00598,4.778906858726424,None,Industrial,10.327616553190033
USGS_SOIL_00599,0.36440001532037347,Current,Mining,26.062651333707564
